      1 CO,"PROTEIN BINDING,
      1 CO,AMINOPEPTIDASE,P56218
      1 CO,BIOSYNTHETIC PROTEIN,B3DUR4
      1 CO,BIOSYNTHETIC PROTEIN,P39639
      1 CO,CELL ADHESION,B4EV65
      2 CO,CELL ADHESION,P08190
      1 CO,CELL ADHESION,P98066
      1 CO,CELL CYCLE,P36094
      1 CO,CHAPERONE,A8WFV1
      1 CO,CHAPERONE,Q61937
      1 CO,CHAPERONE,Q9CQJ2
      1 CO,CYTOKINE/CYTOKINE RECEPTOR,P20333
      1 CO,DNA BINDING PROTEIN,P79005
      1 CO,DNA BINDING PROTEIN,Q01543
      1 CO,DNA BINDING PROTEIN/CELL CYCLE,P51834
      1 CO,HORMONE,P01308
      1 CO,HYDROLASE(PHOSPHORIC DIESTER),P00644
      1 CO,HYDROLASE,C7C422
      1 CO,HYDROLASE,P00817
      1 CO,HYDROLASE,P0A078
      1 CO,HYDROLASE,P0A434
      1 CO,HYDROLASE,P39900
      1 CO,HYDROLASE,P53582
      2 CO,HYDROLASE,P9WK19
      1 CO,HYDROLASE,Q93LD7
      4 CO,HYDROLASE,Q9A919
      1 CO,HYDROLASE,Q9RVU2
      1 CO,IMMUNE SYSTEM,
      1 CO,ISOMERASE(INTRAMOLECULAR OXIDOREDUCTASE),P12851
      1 CO,ISOMERASE,5.1.99.1
      1 CO,ISOMERASE,P50910
      1 CO,ISOMERASE,Q9ZAI3
      2 CO,KETOLISOMERASE,P45687
      1 CO,LYASE,P15007
      1 CO,LYASE,P16622
      1 CO,METAL BINDING PROTEIN,A1SR01
      3 CO,METAL BINDING PROTEIN,Q5SKL8
      1 CO,MOTOR PROTEIN,
      1 CO,OXIDOREDUCTASE,P12807
      2 CO,OXIDOREDUCTASE,P30967
      1 CO,PROTEIN BINDING,Q8DKB5
      1 CO,PROTEIN FIBRIL,H6VRG1
      1 CO,PROTEIN TRANSPORT,P20339
      1 CO,PROTEIN TRANSPORT,Q02821
      1 CO,REPRESSOR,P0DJL7
      1 CO,RNA BINDING PROTEIN,Q6P2Q9
      3 CO,SIGNALING PROTEIN,P9WMH1
      1 CO,TOXIN,B4F366
      1 CO,TRANSCRIPTION,A0A0X8K2V1
      2 CO,TRANSCRIPTION,Q96JM7
      1 CO,TRANSFERASE,2.3.3.14
      1 CO,TRANSFERASE,P09838
      1 CO,TRANSFERASE,P9WMN3
      1 CO,TRANSFERASE/TRANSFERASE INHIBITOR,O87198
      1 CO,TRANSLATION,A0A0J9X1Z5
      2 CO,TRANSPORT PROTEIN,Q1HRL7
      1 CO,TRANSPORT PROTEIN,Q1R2W8
      2 CO,UNKNOWN FUNCTION,P27838
      1 CO,UNKNOWN FUNCTION,Q83DW0
      1 CO,VIRAL PROTEIN,P03355
      1 CO,VIRUS LIKE PARTICLE,Q703G9
      1 CO,hydrolase/hydrolase inhibitor,P53582
      1 CU,"OXIDOREDUCTASE,1.15.1.1
      1 CU,"Oxidoreductase,
      1 CU,ALLERGEN,B3STU4
      2 CU,BLOOD CLOTTING,P00451
      1 CU,BLOOD CLOTTING,Q28107
      1 CU,BLOOD CLOTTING,Q7SZN0
      1 CU,CARBOHYDRATE,D9SZQ3
      2 CU,CELL ADHESION,P10287
      1 CU,CELL ADHESION,P16284
      1 CU,CHAPERONE,A0A158RFT6
      1 CU,CHAPERONE,Q89VB6
      1 CU,CHAPERONE,Q93J41
      1 CU,CHITIN-BINDING PROTEIN,A0A0H3GIZ6
      1 CU,CHITIN-BINDING PROTEIN,Q838S1
      1 CU,ELECTRON TRANSFER(CUPROPROTEIN),P04171
      1 CU,ELECTRON TRANSFER(CUPROPROTEIN),P04377
      1 CU,ELECTRON TRANSFER,P27197
      2 CU,ELECTRON TRANSPORT(COPPER BINDING),P12376
      1 CU,ELECTRON TRANSPORT,A7VL37
      4 CU,ELECTRON TRANSPORT,P00282
      1 CU,ELECTRON TRANSPORT,P0C918
      1 CU,ELECTRON TRANSPORT,P12335
      1 CU,ELECTRON TRANSPORT,P29602
      1 CU,ELECTRON TRANSPORT,P42849
      1 CU,ELECTRON TRANSPORT,P80728
      1 CU,ELECTRON TRANSPORT,Q8RMH6
      1 CU,HYDROLASE, 4.3.2.5"
      3 CU,HYDROLASE,P00698
      1 CU,IMMUNE SYSTEM,P61769
      1 CU,IMMUNE SYSTEM,Q62192
      1 CU,MEMBRANE PROTEIN,G3XD89
      1 CU,MEMBRANE PROTEIN,P18895
      1 CU,METAL BINDING PROTEIN,A0A2D2CWX5
      1 CU,METAL BINDING PROTEIN,A0A4P9I8G4
      1 CU,METAL BINDING PROTEIN,A9A2G4
      1 CU,METAL BINDING PROTEIN,C3JYL7
      1 CU,METAL BINDING PROTEIN,G1UBC6
      1 CU,METAL BINDING PROTEIN,O58720
      1 CU,METAL BINDING PROTEIN,P00282
      2 CU,METAL BINDING PROTEIN,P05067
      1 CU,METAL BINDING PROTEIN,P23833
      1 CU,METAL BINDING PROTEIN,P36649
      1 CU,METAL BINDING PROTEIN,P73600
      1 CU,METAL BINDING PROTEIN,Q58AD3
      2 CU,METAL BINDING PROTEIN,Q6YRW5
      1 CU,METAL BINDING PROTEIN,Q820S6
      2 CU,METAL BINDING PROTEIN,Q9X1H0
      1 CU,METAL TRANSPORT,A0A1S4NYE6
      1 CU,METAL TRANSPORT,P17259
      1 CU,METAL TRANSPORT,P77214
      1 CU,OXIDASE,Q16853
      1 CU,OXIDASE,Q6H9H7
      1 CU,OXIDOREDUCTASE(OXYGEN ACCEPTOR),P37064
      1 CU,OXIDOREDUCTASE, 4.3.2.5"
      1 CU,OXIDOREDUCTASE,1.10.3.1
      1 CU,OXIDOREDUCTASE,1.10.3.2
      1 CU,OXIDOREDUCTASE,1.13.11.24
      2 CU,OXIDOREDUCTASE,1.15.1.1
      2 CU,OXIDOREDUCTASE,A0A075DN54
      1 CU,OXIDOREDUCTASE,A0A0M3U1T9
      1 CU,OXIDOREDUCTASE,A0A3F2YLU5
      2 CU,OXIDOREDUCTASE,A2QS62
      1 CU,OXIDOREDUCTASE,A6X5N0
      1 CU,OXIDOREDUCTASE,B2L9C1
      2 CU,OXIDOREDUCTASE,B2ZB02
      1 CU,OXIDOREDUCTASE,E3Q9X3
      1 CU,OXIDOREDUCTASE,F6N9E7
      2 CU,OXIDOREDUCTASE,H8ZRU2
      2 CU,OXIDOREDUCTASE,I1VE66
      4 CU,OXIDOREDUCTASE,P00441
      1 CU,OXIDOREDUCTASE,P00445
      1 CU,OXIDOREDUCTASE,P09172
      1 CU,OXIDOREDUCTASE,P14925
      1 CU,OXIDOREDUCTASE,P19801
      1 CU,OXIDOREDUCTASE,P19919
      3 CU,OXIDOREDUCTASE,P36649
      2 CU,OXIDOREDUCTASE,P46881
      2 CU,OXIDOREDUCTASE,P46883
      1 CU,OXIDOREDUCTASE,Q12571
      6 CU,OXIDOREDUCTASE,Q16853
      1 CU,OXIDOREDUCTASE,Q1W6B1
      2 CU,OXIDOREDUCTASE,Q2PAJ1
      1 CU,OXIDOREDUCTASE,Q2T7K1
      1 CU,OXIDOREDUCTASE,Q43077
      1 CU,OXIDOREDUCTASE,Q5I7J0
      1 CU,OXIDOREDUCTASE,Q70KY3
      2 CU,OXIDOREDUCTASE,Q72HW2
      1 CU,OXIDOREDUCTASE,Q8TG94
      2 CU,OXIDOREDUCTASE,Q8ZWA8
      1 CU,OXIDOREDUCTASE,Q96X16
      3 CU,OXIDOREDUCTASE,Q9Y780
      1 CU,OXIDOREDUCTASE,Q9ZP19
      1 CU,OXYGEN STORAGE/TRANSPORT,P83040
      1 CU,OXYGEN TRANSPORT,P04253
      1 CU,OXYGEN TRANSPORT,P04254
      1 CU,PLANT PROTEIN,A0A2R2JFS1
      1 CU,PLANT PROTEIN,Q8S4P9
      1 CU,SIGNALING PROTEIN,O49004
      1 CU,STRUCTURAL PROTEIN,Q25C86
      1 CU,SUGAR BINDING PROTEIN, CPB33A"
      1 CU,SUGAR BINDING PROTEIN,W5QLL4
      3 CU,TOXIN,P60770
      1 CU,TOXIN,Q9LCB8
      2 CU,TRANSPORT PROTEIN,P02185
      1 CU,TRANSPORT PROTEIN,P02766
      1 CU,UNKNOWN FUNCTION,A0A0S2GKZ1
      2 CU,UNKNOWN FUNCTION,A0A2N9BBV4
      1 CU,UNKNOWN FUNCTION,Q7MSJ8
      1 CU,VIRAL PROTEIN,Q83389
      1 CU1,BLOOD CLOTTING,"P00451
      1 CU1,CHAPERONE,O32221
      1 CU1,COPPER-BINDING PROTEIN,A0A1I9GEP2
      1 CU1,COPPER-BINDING PROTEIN,H8GPE3
      1 CU1,ELECTRON TRANSPORT (CUPROPROTEIN),P56275
      1 CU1,ELECTRON TRANSPORT,P50057
      1 CU1,METAL BINDING PROTEIN,
      1 CU1,METAL BINDING PROTEIN,A7NNM5
      1 CU1,METAL BINDING PROTEIN,P00282
      1 CU1,METAL BINDING PROTEIN,Q58AD3
      1 CU1,METAL BINDING PROTEIN,Q9RT80
      1 CU1,METAL BINDING PROTEIN,Q9X8F4
      1 CU1,METAL TRANSPORT,
      1 CU1,METAL TRANSPORT,A0A0H2ZPL4
      1 CU1,METAL TRANSPORT,O00244
      1 CU1,METAL TRANSPORT,O32221
      1 CU1,METAL TRANSPORT,Q5SGY7
      2 CU1,OXIDOREDUCTASE,P38993
      1 CU1,PLANT PROTEIN,O82080
      1 CU1,TRANSCRIPTION REPRESSOR,A4INJ9
      1 FE,"STRUCTURAL GENOMICS,
      1 FE,"STRUCTURAL GENOMICS, putative structural protein"
      1 FE,"Structural genomics,
      2 FE,"structural genomics,
      1 FE,BIOSYNTHETIC PROTEIN,P39639
      1 FE,CELL INVASION,B7VFI6
      1 FE,DIOXYGENASE,1.13.11.8
      1 FE,DNA BINDING PROTEIN,Q9RS64
      1 FE,ELECTRON TRANSPORT,P22076
      1 FE,ELECTRON TRANSPORT,P24297
      1 FE,ELECTRON TRANSPORT,Q8TQ92
      1 FE,HYDROLASE,3.1.4.16
      1 FE,HYDROLASE,F6MIW5
      1 FE,HYDROLASE,P25524
      1 FE,HYDROLASE,P68826
      1 FE,HYDROLASE,Q4WMJ8
      1 FE,HYDROLASE,Q5KX27
      1 FE,HYDROLASE,Q5KZU5
      1 FE,HYDROLASE,Q8IJP2
      1 FE,HYDROLASE,Q8SR45
      1 FE,HYDROLASE,Q8ZRM2
      1 FE,HYDROLASE,Q97VT7
      1 FE,IRON STORAGE/ELECTRON TRANSPORT,Q93PP9
      2 FE,IRON TRANSPORT PROTEIN,P02789
      1 FE,IRON TRANSPORT,P35755
      2 FE,METAL BINDING PROTEIN,
      1 FE,METAL BINDING PROTEIN,A0A0F5HNH9
      1 FE,METAL BINDING PROTEIN,F2RB80
      1 FE,METAL BINDING PROTEIN,F2RB83
      1 FE,METAL BINDING PROTEIN,G2LET6
      1 FE,METAL BINDING PROTEIN,P02792
      1 FE,METAL BINDING PROTEIN,P35755
      1 FE,METAL BINDING PROTEIN,P9WPQ9
      2 FE,METAL BINDING PROTEIN,Q0P8Q4
      1 FE,METAL BINDING PROTEIN,Q2YKI4
      1 FE,METAL BINDING PROTEIN,Q3J696
      1 FE,METAL BINDING PROTEIN,Q52SA9
      1 FE,METAL BINDING PROTEIN,Q7VXW9
      1 FE,METAL BINDING PROTEIN,Q8A8Q1
      2 FE,METAL BINDING PROTEIN,Q9HWF9
      1 FE,METAL BINDING PROTEIN,Q9S529
      1 FE,METAL BINDING PROTEIN,Q9X0L2
      1 FE,METAL BINDING PROTEIN,Q9Z4N6
      1 FE,METAL BINDING PROTEIN,T1K8P1
      3 FE,METAL TRANSPORT,P02787
      1 FE,METAL TRANSPORT,P48329
      1 FE,METAL TRANSPORT,Q5LAA6
      1 FE,METAL TRANSPORT,Q8U2T8
      1 FE,OXIDOREDUCTASE,
      1 FE,OXIDOREDUCTASE, extradiol protein"
      1 FE,OXIDOREDUCTASE,1.1.1.1
      2 FE,OXIDOREDUCTASE,1.13.11.-
      1 FE,OXIDOREDUCTASE,1.13.11.1
      1 FE,OXIDOREDUCTASE,1.13.11.18
      1 FE,OXIDOREDUCTASE,1.13.11.2
      2 FE,OXIDOREDUCTASE,1.13.11.3
      1 FE,OXIDOREDUCTASE,1.13.11.37
      1 FE,OXIDOREDUCTASE,1.13.11.5
      1 FE,OXIDOREDUCTASE,A0A452CSW8
      1 FE,OXIDOREDUCTASE,A0QZ23
      1 FE,OXIDOREDUCTASE,B1MIR1
      1 FE,OXIDOREDUCTASE,C1DFH7
      1 FE,OXIDOREDUCTASE,C6FI44
      1 FE,OXIDOREDUCTASE,G2NEL6
      1 FE,OXIDOREDUCTASE,O29903
      1 FE,OXIDOREDUCTASE,P00439
      1 FE,OXIDOREDUCTASE,P22869
      1 FE,OXIDOREDUCTASE,P42106
      1 FE,OXIDOREDUCTASE,P9WKZ1
      1 FE,OXIDOREDUCTASE,Q47XN7
      1 FE,OXIDOREDUCTASE,Q50497
      1 FE,OXIDOREDUCTASE,Q74MF3
      1 FE,OXIDOREDUCTASE,Q84AQ2
      1 FE,OXIDOREDUCTASE,Q8VX11
      1 FE,OXIDOREDUCTASE,Q9WZC6
      1 FE,OXIDOREDUCTASE,Q9WZS7
      1 FE,OXIDOREDUCTASE,V6TJK7
      1 FE,OXYGEN TRANSPORT,P68871
      1 FE,PROTEIN BINDING,Q9UKA1
      1 FE,SIGNALING PROTEIN,M2CWM4
      1 FE,STRUCTURAL PROTEIN,Q9HVA8
      1 FE,TRANSFERASE,Q8ZXN7
      1 FE,TRANSLATION,
      1 FE,TRANSPORT PROTEIN,
      1 FE,TRANSPORT PROTEIN,B6DMH6
      1 FE,TRANSPORT PROTEIN,P02787
      1 FE,TRANSPORT PROTEIN,P21760
      1 FE,TRANSPORT PROTEIN,P40409
      2 FE,TRANSPORT PROTEIN,Q9X256
      1 FE,VIRAL PROTEIN,Q77YG1
      1 FE,iron binding protein,A1JLH5
      1 FE,oxidoreductase/inhibitor,
      1 FE2,"STRUCTURAL GENOMICS,
      1 FE2,2002-03-28,1.18.99.1
      1 FE2,BIOSYNTHETIC PROTEIN,A0A124H109
      1 FE2,BIOSYNTHETIC PROTEIN,D0VX22
      1 FE2,BIOSYNTHETIC PROTEIN,Q9RBY6
      2 FE2,ELECTRON TRANSPORT,P24931
      1 FE2,HYDROGENASE,P07598
      1 FE2,HYDROLASE,A0A0E1CHI1
      1 FE2,HYDROLASE,Q50575
      1 FE2,ISOMERASE,Q96AT9
      1 FE2,LYASE,P32396
      1 FE2,METAL BINDING PROTEIN,A0A3F2YLV4
      1 FE2,METAL BINDING PROTEIN,O00625
      1 FE2,METAL BINDING PROTEIN,P22759
      1 FE2,METAL TRANSPORT,P72827
      1 FE2,OXIDOREDUCTASE, 1.13.11.13"
      1 FE2,OXIDOREDUCTASE,1.13.11.2
      1 FE2,OXIDOREDUCTASE,1.14.11.-
      2 FE2,OXIDOREDUCTASE,G2IKE5
      1 FE2,OXIDOREDUCTASE,I1REW2
      1 FE2,OXIDOREDUCTASE,O16025
      1 FE2,OXIDOREDUCTASE,P09186
      2 FE2,OXIDOREDUCTASE,P09917
      2 FE2,OXIDOREDUCTASE,P12530
      1 FE2,OXIDOREDUCTASE,Q2N410
      1 FE2,OXIDOREDUCTASE,Q96323
      1 FE2,OXIDOREDUCTASE,Q9WWU5
      1 FE2,OXYGEN BINDING PROTEIN,Q60AX2
      1 FE2,SIGNALING PROTEIN,P20581
      1 FE2,TRANSCRIPTION ACTIVATOR/INHIBITOR,Q9NWT6
      1 FE2,TRANSPORT PROTEIN,Q9I174
      1 FE2,UNKNOWN FUNCTION,A0A140N6S1
      1 FEO,OXIDOREDUCTASE,Q86QZ1
      1 FEO,OXIDOREDUCTASE,Q9F0J6
      1 FEO,OXYGEN BINDING,P02247
      1 FEO,OXYGEN STORAGE/TRANSPORT,Q9REU3
      1 FEO,OXYGEN TRANSPORT,P02246
      1 FES,ELECTRON TRANSFER,P00259
      2 FES,ELECTRON TRANSPORT,
      1 FES,ELECTRON TRANSPORT,O66511
      1 FES,ELECTRON TRANSPORT,P00217
      1 FES,ELECTRON TRANSPORT,P00237
      1 FES,ELECTRON TRANSPORT,P0A3C9
      1 FES,ELECTRON TRANSPORT,P11053
      1 FES,ELECTRON TRANSPORT,P27320
      1 FES,ELECTRON TRANSPORT,P80306
      1 FES,ELECTRON TRANSPORT,Q2HZ25
      1 FES,ELECTRON TRANSPORT,Q2IU01
      1 FES,ELECTRON TRANSPORT,Q8IED5
      1 FES,IRON-SULFUR-BINDING PROTEIN,Q3ACS2
      1 FES,METAL BINDING PROTEIN,
      2 FES,METAL BINDING PROTEIN,Q2W014
      1 FES,METAL BINDING PROTEIN,Q76CS9
      1 FES,METAL BINDING PROTEIN,Q8XVB9
      1 FES,METAL BINDING PROTEIN,Q9FLI7
      1 FES,METAL TRANSPORT,O29901
      2 FES,OXIDOREDUCTASE, 1.17.3.-"
      2 FES,OXIDOREDUCTASE, 1.17.3.2"
      1 FES,OXIDOREDUCTASE,G3X982
      1 FES,OXIDOREDUCTASE,P29166
      1 FES,RNA,O58038
      1 FES,TRANSCRIPTION,Q70ET4
      2 MG,"CONTRACTILE PROTEIN, slow skeletal and cardiac muscles"
      1 MG,"CYTOKINE,
      1 MG,"DNA BINDING PROTEIN,
      2 MG,"HYDROLASE,"2.7.11.1
      1 MG,"IMMUNE SYSTEM,
      1 MG,"LIGASE,6.3.4.18
      1 MG,"LYASE,
      1 MG,"MEMBRANE PROTEIN,
      2 MG,"OXIDOREDUCTASE,1.1.1.86
      1 MG,"Oxygen Storage,
      1 MG,"PROTEIN BINDING,
      1 MG,"Peptide,Serine/threonine-protein kinase PAK 4"
      1 MG,"SIGNALING PROTEIN,
      1 MG,"SIGNALING PROTEIN,2.7.10.2
      1 MG,"SIGNALING PROTEIN,2.7.3.-
     28 MG,"STRUCTURAL GENOMICS,
      2 MG,"Structural Genomics,
      1 MG,"TRANSCRIPTION,
      2 MG,"structural genomics,
      1 MG,"transcription,
      3 MG,ADP binding protein,A0A183CD52
      1 MG,ALLERGEN,O82040
      1 MG,ANTIBIOTIC,Q7BNC2
      2 MG,ANTIFREEZE PROTEIN,A1YIY3
      1 MG,ANTIMICROBIAL PROTEIN,Q88A25
      1 MG,APOPTOSIS,
      1 MG,APOPTOSIS,Q16611
      1 MG,ATP-binding protein,Q45619
      1 MG,BIOSYNTHETIC PROTEIN,A0A0H3JUU7
      1 MG,BIOSYNTHETIC PROTEIN,A0QUG3
      1 MG,BIOSYNTHETIC PROTEIN,G7J7Q5
      2 MG,BIOSYNTHETIC PROTEIN,X5IYJ5
      1 MG,CALCIUM BINDING PROTEIN,P02618
      1 MG,CALCIUM BINDING/STRUCTURAL PROTEIN,Q9QXS1
      1 MG,CELL ADHESION PROTEIN,P11215
      1 MG,CELL ADHESION,"P05106
      1 MG,CELL ADHESION,A0A0H2UNT6
      2 MG,CELL ADHESION,A1YIY2
      1 MG,CELL ADHESION,C9E3B4
      1 MG,CELL ADHESION,E4SDB5
      1 MG,CELL ADHESION,P05107
      1 MG,CELL ADHESION,P08640
      1 MG,CELL ADHESION,P20701
      1 MG,CELL ADHESION,P20702
      1 MG,CELL ADHESION,P26010
      1 MG,CELL ADHESION,P56199
      2 MG,CELL ADHESION,Q01502
      6 MG,CELL ADHESION,Q15063
      2 MG,CELL ADHESION,Q53653
      1 MG,CELL ADHESION,Q5SII9
      2 MG,CELL ADHESION,Q7A382
      1 MG,CELL ADHESION,Q8E0S5
      1 MG,CELL ADHESION/IMMUNE SYSTEM,P05556
      1 MG,CELL CYCLE,P20248
      1 MG,CELL CYCLE,P26449
      1 MG,CELL CYCLE,Q47QW6
      1 MG,CELL CYCLE,Q8NNN6
      1 MG,CELL CYCLE/CHAPERONE,Q9QUI0
      1 MG,CELL INVASION,P0DJM0
      1 MG,CHAPERONE,"A8WFV1
      1 MG,CHAPERONE,A0A0M1WEU8
      1 MG,CHAPERONE,D5VCM9
      1 MG,CHAPERONE,P02829
      1 MG,CHAPERONE,P33313
      1 MG,CHAPERONE,P46598
      1 MG,CHAPERONE,Q2FV63
      1 MG,CHAPERONE,Q99933
      1 MG,CHEMOTAXIS,Q56312
      1 MG,CHOLINE-BINDING PROTEIN,Q8WSF8
      1 MG,COMPLEX (LYASE/HYDROLASE),P04896
      1 MG,COMPLEX (TRANSFERASE/SUBSTRATE),P06213
      1 MG,CONTRACTILE PROTEIN,P47068
      1 MG,CYTOSOLIC PROTEIN,Q94707
      1 MG,Carbohydrate-binding protein,Q8WTT0
      1 MG,Cell Adhesion/Immune System,P05106
      1 MG,DNA BINDING PROTEIN,A0A0M9B7W0
      1 MG,DNA BINDING PROTEIN,A0QXB7
      1 MG,DNA BINDING PROTEIN,D7Y2H5
      1 MG,DNA BINDING PROTEIN,O34723
      1 MG,DNA BINDING PROTEIN,P0A7G6
      1 MG,DNA BINDING PROTEIN,P79005
      1 MG,DNA BINDING PROTEIN,P9WGM7
      1 MG,DNA BINDING PROTEIN,Q2YY03
      1 MG,DNA BINDING PROTEIN,Q6DFM0
      1 MG,DNA BINDING PROTEIN,Q6TA00
      1 MG,DNA BINDING PROTEIN,Q70LE6
      1 MG,DNA BINDING PROTEIN,Q8DNC2
      1 MG,DNA BINDING PROTEIN,Q8DRP0
      1 MG,DNA BINDING PROTEIN,Q9GSV7
      1 MG,DNA BINDING PROTEIN,Q9RPE9
      1 MG,DNA BINDING PROTEIN,Q9RZN1
      1 MG,DNA BINDING PROTEIN,Q9WYA3
      1 MG,DNA BINDING PROTEIN,Q9WYN0
      1 MG,DNA-BINDING REGULATORY PROTEIN,P0A8U6
      1 MG,ELECTRON TRANSPORT,P0A3E0
      2 MG,ELECTRON TRANSPORT,P0ABE7
      1 MG,ELECTRON TRANSPORT,P59087
      1 MG,ELECTRON TRANSPORT,Q8GTB5
      1 MG,ELECTRON TRANSPORT,Q9F1K9
      1 MG,ENDOCYTOSIS/EXOCYTOSIS,P40748
      1 MG,ENDONUCLEASE,P23657
      1 MG,GENE REGULATION,P32081
      3 MG,GENE REGULATION,Q5F882
      2 MG,GENE REGULATION,Q9FN03
      1 MG,GENE REGULATION/SIGNALING PROTEIN,P61586
      1 MG,GLUTAMINE AMIDOTRANSFERASE,P00497
      1 MG,HORMONE RECEPTOR,Q9SSM7
      1 MG,HYDROLASE INHIBITOR/HYDROLASE,Q7JXB9
      1 MG,HYDROLASE(ENDORIBONUCLEASE),P0A7Y4
      1 MG,HYDROLASE(PHOSPHORIC MONOESTER),P21327
      2 MG,HYDROLASE,
      1 MG,HYDROLASE, 3.1.7.8"
      1 MG,HYDROLASE, 3.4.15.1"
      1 MG,HYDROLASE, putative"
      1 MG,HYDROLASE, variant 3"
      3 MG,HYDROLASE,"3.1.3.11
      1 MG,HYDROLASE,3.1.3.-
      1 MG,HYDROLASE,3.1.30.-
      1 MG,HYDROLASE,3.1.4.46
      1 MG,HYDROLASE,A0A098D3M4
      1 MG,HYDROLASE,A6L916
      1 MG,HYDROLASE,A8A5E6
      1 MG,HYDROLASE,B0BA40
      2 MG,HYDROLASE,B0R9W3
      1 MG,HYDROLASE,B1MGB2
      1 MG,HYDROLASE,B5BP20
      3 MG,HYDROLASE,B5DCA0
      1 MG,HYDROLASE,B6YTD6
      1 MG,HYDROLASE,B7X9Z0
      1 MG,HYDROLASE,B9JE48
      1 MG,HYDROLASE,C1D7P6
      4 MG,HYDROLASE,H2L2L6
      1 MG,HYDROLASE,H4USN4
      1 MG,HYDROLASE,O26314
      1 MG,HYDROLASE,O27555
      1 MG,HYDROLASE,O31156
      1 MG,HYDROLASE,O69787
      2 MG,HYDROLASE,P00634
      3 MG,HYDROLASE,P00722
      1 MG,HYDROLASE,P00817
      1 MG,HYDROLASE,P05187
      2 MG,HYDROLASE,P06229
      2 MG,HYDROLASE,P0DMV8
      1 MG,HYDROLASE,P10824
      1 MG,HYDROLASE,P13717
      1 MG,HYDROLASE,P24855
      1 MG,HYDROLASE,P29597
      1 MG,HYDROLASE,P33174
      1 MG,HYDROLASE,P35505
      1 MG,HYDROLASE,P37700
      1 MG,HYDROLASE,P50308
      1 MG,HYDROLASE,P53184
      1 MG,HYDROLASE,P78330
      1 MG,HYDROLASE,Q01780
      1 MG,HYDROLASE,Q10905
      1 MG,HYDROLASE,Q144Z1
      1 MG,HYDROLASE,Q384W5
      1 MG,HYDROLASE,Q3IZQ3
      1 MG,HYDROLASE,Q4VUZ3
      1 MG,HYDROLASE,Q58989
      1 MG,HYDROLASE,Q5JGZ3
      1 MG,HYDROLASE,Q5SHN6
      1 MG,HYDROLASE,Q5SJY9
      1 MG,HYDROLASE,Q6DDT4
      1 MG,HYDROLASE,Q6G709
      1 MG,HYDROLASE,Q6XL56
      1 MG,HYDROLASE,Q7LYV2
      1 MG,HYDROLASE,Q84G06
      1 MG,HYDROLASE,Q8I914
      1 MG,HYDROLASE,Q8RQU7
      1 MG,HYDROLASE,Q93V56
      2 MG,HYDROLASE,Q9A919
      1 MG,HYDROLASE,Q9K100
      2 MG,HYDROLASE,Q9KWY4
      1 MG,HYDROLASE,Q9RVU2
      1 MG,HYDROLASE/HYDROLASE INHIBITOR, 3.1.7.8"
      1 MG,Heme Binding Protein,A0R6E4
      1 MG,IMMUNE SYSTEM,
      1 MG,IMMUNE SYSTEM,A0N262
      1 MG,IMMUNE SYSTEM,A2N494
      1 MG,IMMUNE SYSTEM,O00481
      1 MG,IMMUNE SYSTEM,O50665
      1 MG,IMMUNE SYSTEM,O70570
      1 MG,IMMUNE SYSTEM,O95407
      1 MG,IMMUNE SYSTEM,P00451
      1 MG,IMMUNE SYSTEM,P06683
      1 MG,IMMUNE SYSTEM,P0DOY2
      1 MG,IMMUNE SYSTEM,P18564
      1 MG,IMMUNE SYSTEM,P26012
      1 MG,IMMUNE SYSTEM,P61769
      1 MG,IMMUNE SYSTEM,Q91132
      1 MG,IMMUNE SYSTEM,Q99LC4
      3 MG,IMMUNE SYSTEM,Q9UGM3
      1 MG,ISOMERASE(INTRAMOLECULAR OXIDOREDUCTASE),P12070
      1 MG,ISOMERASE,
      1 MG,ISOMERASE,5.3.2.-
      1 MG,ISOMERASE,5.4.2.12
      1 MG,ISOMERASE,5.5.1.25
      1 MG,ISOMERASE,A0A1K2FKX8
      2 MG,ISOMERASE,A0A1K2FZ20
      1 MG,ISOMERASE,A0NXQ8
      1 MG,ISOMERASE,A0QTN8
      1 MG,ISOMERASE,A6DZ31
      1 MG,ISOMERASE,A6M2W4
      2 MG,ISOMERASE,A8HTB8
      1 MG,ISOMERASE,C6XJ17
      1 MG,ISOMERASE,O58651
      2 MG,ISOMERASE,O81192
      1 MG,ISOMERASE,P15587
      1 MG,ISOMERASE,P32719
      2 MG,ISOMERASE,P36871
      1 MG,ISOMERASE,P56839
      1 MG,ISOMERASE,P71447
      1 MG,ISOMERASE,P77366
      2 MG,ISOMERASE,Q12GE3
      1 MG,ISOMERASE,Q13907
      2 MG,ISOMERASE,Q13PB7
      1 MG,ISOMERASE,Q46822
      1 MG,ISOMERASE,Q5LM96
      1 MG,ISOMERASE,Q5NN22
      2 MG,ISOMERASE,Q7L5Y1
      1 MG,ISOMERASE,Q834W6
      1 MG,ISOMERASE,Q8PGN7
      1 MG,ISOMERASE,Q92ZS5
      1 MG,ISOMERASE,Q9P8C9
      1 MG,ISOMERASE,Q9RYA6
      1 MG,ISOMERASE,Q9ZAI3
      1 MG,ISOPRENOID SYNTHASE,Q40577
      1 MG,KINASE,P07378
      1 MG,LIGAND BINDING PROTEIN,O30142
      1 MG,LIGAND BINDING PROTEIN,Q60754
      1 MG,LIGASE,
      1 MG,LIGASE, 6.1.1.6"
      2 MG,LIGASE,6.1.1.11
      1 MG,LIGASE,6.1.1.4
      2 MG,LIGASE,6.3.2.13
      1 MG,LIGASE,A0A0J9X1Z8
      1 MG,LIGASE,B4RKE7
      1 MG,LIGASE,B7GV74
      1 MG,LIGASE,D5SL78
      1 MG,LIGASE,O24872
      1 MG,LIGASE,O57883
      1 MG,LIGASE,O57980
      1 MG,LIGASE,O58187
      1 MG,LIGASE,P04425
      2 MG,LIGASE,P07862
      1 MG,LIGASE,P08164
      1 MG,LIGASE,P0A7D4
      2 MG,LIGASE,P14900
      1 MG,LIGASE,P18843
      1 MG,LIGASE,P21889
      1 MG,LIGASE,P25051
      1 MG,LIGASE,P28650
      1 MG,LIGASE,P9WIL5
      1 MG,LIGASE,Q03ZI1
      1 MG,LIGASE,Q08220
      1 MG,LIGASE,Q2A4B6
      2 MG,LIGASE,Q2K340
      1 MG,LIGASE,Q2RM91
      1 MG,LIGASE,Q52428
      1 MG,LIGASE,Q5H614
      2 MG,LIGASE,Q5SHZ3
      1 MG,LIGASE,Q5SKN9
      1 MG,LIGASE,Q63QJ9
      1 MG,LIGASE,Q9HVZ7
      1 MG,LIGASE,Q9M426
      1 MG,LIGASE,Q9RHV9
      1 MG,LIGASE,Q9U8D3
      1 MG,LIGASE,Q9V228
      1 MG,LIPID BINDING PROTEIN,P53860
      1 MG,LIPID TRANSPORT,J7MFT5
      1 MG,LUMINESCENT PROTEIN,D0VWW2
      1 MG,LYASE,
      3 MG,LYASE, 4.1.3.30"
      1 MG,LYASE, 4.2.3.75
      1 MG,LYASE, 4.2.99.18"
      1 MG,LYASE, 5.5.1.1"
      2 MG,LYASE,4.1.1.21
      1 MG,LYASE,4.1.3.32
      1 MG,LYASE,A0A0D4WV12
      1 MG,LYASE,A0A158RFK9
      1 MG,LYASE,A0A3B6UEX0
      2 MG,LYASE,A1CII2
      1 MG,LYASE,A8H9D1
      1 MG,LYASE,A9WCM4
      1 MG,LYASE,B2UCA8
      1 MG,LYASE,B4EFV2
      1 MG,LYASE,B5GMG2
      1 MG,LYASE,O09460
      2 MG,LYASE,O81086
      1 MG,LYASE,O93627
      2 MG,LYASE,P09029
      1 MG,LYASE,P0A6P9
      1 MG,LYASE,P0A9G6
      1 MG,LYASE,P0AES2
      1 MG,LYASE,P11383
      2 MG,LYASE,P13513
      1 MG,LYASE,P23280
      1 MG,LYASE,P27695
      1 MG,LYASE,P77541
      1 MG,LYASE,P9WPJ9
      1 MG,LYASE,Q05514
      1 MG,LYASE,Q05957
      1 MG,LYASE,Q1QUN0
      2 MG,LYASE,Q39761
      3 MG,LYASE,Q40577
      1 MG,LYASE,Q41594
      1 MG,LYASE,Q47Q21
      1 MG,LYASE,Q53635
      1 MG,LYASE,Q59643
      1 MG,LYASE,Q8DJP8
      1 MG,LYASE,Q8FHC7
      1 MG,LYASE,Q8ZNF9
      1 MG,LYASE,Q9HUU1
      3 MG,LYASE/ANTIBIOTIC,Q59643
      1 MG,LYASE/LYASE inhibitor,P9WK17
      1 MG,Lyase/OXIDOREDUCTASE,D1A3K8
      1 MG,MEMBRANE PROTEIN,A0A0U3H1E6
      2 MG,MEMBRANE PROTEIN,D6QLY0
      1 MG,MEMBRANE PROTEIN,P02943
      1 MG,MEMBRANE PROTEIN,P18895
      1 MG,MEMBRANE PROTEIN,P39767
      1 MG,MEMBRANE PROTEIN,P56373
      1 MG,MEMBRANE PROTEIN,Q45040
      1 MG,MEMBRANE PROTEIN,Q5QJC5
      1 MG,MEMBRANE PROTEIN,Q8A5H6
      1 MG,MEMBRANE PROTEIN,Q9WZ31
      1 MG,MEMBRANE PROTEIN/HORMONE, Calcitonin gene-related peptide type 1 receptor fusion protein"
      2 MG,METAL BINDING PROTEIN,
      1 MG,METAL BINDING PROTEIN,D3EID5
      1 MG,METAL BINDING PROTEIN,F9VMT6
      1 MG,METAL BINDING PROTEIN,O24769
      1 MG,METAL BINDING PROTEIN,P19137
      1 MG,METAL BINDING PROTEIN,P84253
      1 MG,METAL BINDING PROTEIN,Q2G1L5
      1 MG,METAL BINDING PROTEIN,Q384W3
      1 MG,METAL BINDING PROTEIN,Q39890
      1 MG,METAL BINDING PROTEIN,Q3M8K9
      1 MG,METAL BINDING PROTEIN,Q6LYQ5
      2 MG,METAL BINDING PROTEIN,Q8N4E7
      2 MG,METAL BINDING PROTEIN,Q8TMX3
      1 MG,METAL BINDING PROTEIN,Q99828
      1 MG,METAL BINDING PROTEIN,Q9NFS4
      1 MG,METAL BINDING PROTEIN,Q9NZU7
      6 MG,METAL TRANSPORT,
      1 MG,METAL TRANSPORT,P06971
      1 MG,METAL TRANSPORT,Q57986
      1 MG,METAL TRANSPORT,Q5LAA6
      1 MG,METAL TRANSPORT,Q5M586
      1 MG,METAL TRANSPORT,Q7A656
      1 MG,METAL TRANSPORT,W6KHH6
      1 MG,METAL TRANSPORT/MEMBRANE PROTEIN,Q9WZ31
      1 MG,MOTOR PROTEIN,A0A073HR60
      1 MG,MOTOR PROTEIN,P48467
      1 MG,MOTOR PROTEIN,Q14204
      1 MG,MOTOR PROTEIN,Q9C2M3
      1 MG,MUSCLE PROTEIN,P10587
      1 MG,MUSCLE PROTEIN,P13543
      1 MG,NUCLEAR PROTEIN,O75151
      1 MG,NUCLEAR PROTEIN,Q5UQV1
      1 MG,NUCLEAR PROTEIN,Q9Y5L0
      1 MG,NUCLEIC ACID BINDING PROTEIN,O51076
      1 MG,ODORANT BINDING PROTEIN,Q6Y2R8
      1 MG,OXIDOREDUCTASE, 1.13.11.13"
      1 MG,OXIDOREDUCTASE,A3FJ48
      1 MG,OXIDOREDUCTASE,B1YQF4
      1 MG,OXIDOREDUCTASE,P05793
      2 MG,OXIDOREDUCTASE,P29166
      1 MG,OXIDOREDUCTASE,P35630
      1 MG,OXIDOREDUCTASE,Q13IQ2
      1 MG,OXIDOREDUCTASE,Q2YUF3
      1 MG,OXIDOREDUCTASE,Q57179
      1 MG,OXIDOREDUCTASE,Q58122
      1 MG,OXIDOREDUCTASE,Q65XK0
      2 MG,OXIDOREDUCTASE/OXIDOREDUCTASE INHIBITOR,P00374
      1 MG,OXYGEN TRANSPORT,Q9VF15
      1 MG,OXYGEN TRANSPORT,S0BBR6
      1 MG,PEPTIDE BINDING PROTEIN,O43719
      1 MG,PEPTIDE BINDING PROTEIN,P31947
      1 MG,PEPTIDE SYNTHETASE,P0C061
      1 MG,PHOSPHORIBOSYLTRANSFERASE,P0A9M5
      1 MG,PHOTOSYNTHESIS,D2Z0P5
      1 MG,PHOTOSYNTHESIS,O76183
      1 MG,PLANT PROTEIN,A0A158RFR1
      1 MG,PLANT PROTEIN,G1K3R9
      2 MG,PLANT PROTEIN,M1CSC4
      1 MG,PLANT PROTEIN,O49195
      1 MG,PLANT PROTEIN,P04347
      1 MG,PLANT PROTEIN,Q94JU3
      1 MG,PLANT PROTEIN,Q9SXZ2
      1 MG,PROTEIN BINDING,C2M8N4
      1 MG,PROTEIN BINDING,D4GUF6
      1 MG,PROTEIN BINDING,O13836
      1 MG,PROTEIN BINDING,P15530
      1 MG,PROTEIN BINDING,P31947
      1 MG,PROTEIN BINDING,P54300
      1 MG,PROTEIN BINDING,P61586
      1 MG,PROTEIN BINDING,Q26069
      1 MG,PROTEIN BINDING,Q2W8Q0
      2 MG,PROTEIN BINDING,Q5WMC0
      1 MG,PROTEIN BINDING,Q68DU8
      1 MG,PROTEIN BINDING,Q6VS32
      1 MG,PROTEIN BINDING,Q8I2J4
      1 MG,PROTEIN BINDING,Q9ESN4
      1 MG,PROTEIN BINDING,Q9JXC6
      1 MG,PROTEIN BINDING,Q9SCL7
      1 MG,PROTEIN BINDING/INHIBITOR,P31947
      1 MG,PROTEIN BINDING/PEPTIDE,Q14U76
      1 MG,PROTEIN BINDING/PROTEIN BINDING,D1A4G7
      1 MG,PROTEIN FIBRIL,Q74A86
      1 MG,PROTEIN KINASE,P24941
      1 MG,PROTEIN TRANSPORT,O07347
      1 MG,PROTEIN TRANSPORT,P33307
      1 MG,PROTEIN TRANSPORT,P35818
      1 MG,PROTEIN TRANSPORT,P36057
      1 MG,PROTEIN TRANSPORT,P61316
      1 MG,PROTEIN TRANSPORT,P62826
      1 MG,PROTEIN TRANSPORT,Q9UL25
      1 MG,PROTEIN TRANSPORT/TRANSFERASE,P62330
      1 MG,RECEPTOR,Q6QLQ4
      1 MG,RECOMBINATION,O73948
      1 MG,RECOMBINATION,P0A7G6
      1 MG,RECOMBINATION,Q75DL0
      1 MG,REPLICATION,P03134
      1 MG,REPLICATION,P13921
      1 MG,REPLICATION,Q5KXY1
      2 MG,RNA BINDING PROTEIN,A0A0S4TJL4
      1 MG,RNA BINDING PROTEIN,A4IK89
      1 MG,RNA BINDING PROTEIN,A7TR32
      1 MG,RNA BINDING PROTEIN,G0SHI1
      1 MG,RNA BINDING PROTEIN,P09012
      1 MG,RNA BINDING PROTEIN,P25359
      1 MG,RNA BINDING PROTEIN,P39990
      1 MG,RNA BINDING PROTEIN,Q57ZF2
      1 MG,RNA BINDING PROTEIN,Q5VTE6
      1 MG,RNA BINDING PROTEIN,Q6CIU1
      1 MG,RNA BINDING PROTEIN,Q6P2Q9
      1 MG,RNA BINDING PROTEIN,Q9UIV1
      1 MG,SIGNALING PROTEIN,
      1 MG,SIGNALING PROTEIN,"P03069
      1 MG,SIGNALING PROTEIN,A0A0H3AFX3
      1 MG,SIGNALING PROTEIN,A0A0M5I297
      1 MG,SIGNALING PROTEIN,A0A1W2VN00
      1 MG,SIGNALING PROTEIN,A0A1W2VN01
      1 MG,SIGNALING PROTEIN,B8GZM2
      1 MG,SIGNALING PROTEIN,Complement C1q subcomponent subunit B"
      1 MG,SIGNALING PROTEIN,O88992
      1 MG,SIGNALING PROTEIN,P07207
      1 MG,SIGNALING PROTEIN,P27348
      2 MG,SIGNALING PROTEIN,P41180
      2 MG,SIGNALING PROTEIN,P41594
      1 MG,SIGNALING PROTEIN,P63000
      1 MG,SIGNALING PROTEIN,P63104
      1 MG,SIGNALING PROTEIN,P71403
      1 MG,SIGNALING PROTEIN,Q13255
      1 MG,SIGNALING PROTEIN,Q14416
      1 MG,SIGNALING PROTEIN,Q14831
      1 MG,SIGNALING PROTEIN,Q14832
      1 MG,SIGNALING PROTEIN,Q2YY03
      1 MG,SIGNALING PROTEIN,Q45TR8
      1 MG,SIGNALING PROTEIN,Q5SJ83
      1 MG,SIGNALING PROTEIN,Q60598
      1 MG,SIGNALING PROTEIN,Q60841
      1 MG,SIGNALING PROTEIN,Q6MLN6
      1 MG,SIGNALING PROTEIN,Q80TS3
      2 MG,SIGNALING PROTEIN,Q8DLC7
      1 MG,SIGNALING PROTEIN,Q8WTX7
      1 MG,SIGNALING PROTEIN,Q9FN03
      1 MG,SIGNALING PROTEIN,Q9I045
      1 MG,SIGNALING PROTEIN,Q9QYG0
      1 MG,SIGNALING PROTEIN,Q9X181
      1 MG,SIGNALING PROTEIN/INHIBITOR,Q8P559
      1 MG,SIGNALING PROTEIN/PEPTIDE,P62993
      1 MG,SIGNALING PROTEIN/SIGNALING PROTEIN,P60953
      1 MG,SIGNALLING PROTEIN,P19438
      1 MG,SPLICING,Q07930
      1 MG,STRUCTURAL GENOMICS,Q6GHQ0
      1 MG,STRUCTURAL PROTEIN,A0A0B4W229
      1 MG,STRUCTURAL PROTEIN,E1BQ43
      1 MG,STRUCTURAL PROTEIN,O55147
      1 MG,STRUCTURAL PROTEIN,P11904
      1 MG,STRUCTURAL PROTEIN,P19827
      1 MG,STRUCTURAL PROTEIN,P26535
      1 MG,STRUCTURAL PROTEIN,Q187N7
      1 MG,STRUCTURAL PROTEIN,Q2XVP4
      1 MG,STRUCTURAL PROTEIN,Q63870
      1 MG,STRUCTURAL PROTEIN,Q6XZF7
      4 MG,STRUCTURAL PROTEIN,Q739M5
      1 MG,STRUCTURAL PROTEIN,Q87JH9
      2 MG,SUGAR BINDING PROTEIN,A7LXT5
      1 MG,SUGAR BINDING PROTEIN,A7LY27
      1 MG,SUGAR BINDING PROTEIN,C7BLE4
      1 MG,SUGAR BINDING PROTEIN,C7HDV0
      1 MG,SUGAR BINDING PROTEIN,G4XU73
      2 MG,SUGAR BINDING PROTEIN,K1QRB6
      1 MG,SUGAR BINDING PROTEIN,O87988
      2 MG,SUGAR BINDING PROTEIN,P19576
      1 MG,SUGAR BINDING PROTEIN,Q2PHL4
      1 MG,SUGAR BINDING PROTEIN,Q8VNN2
      2 MG,SUGAR BINDING PROTEIN,Q8Y4J2
      1 MG,SUGAR BINDING PROTEIN,Q92AS8
      1 MG,SUGAR BINDING PROTEIN,Q939N5
      1 MG,SUGAR BINDING PROTEIN,Q9NNX6
      2 MG,SUGAR BINDING PROTEIN,Q9YGA6
      4 MG,SUGAR BINDING PROTEIN,R9RL27
      2 MG,SUGAR BINDING PROTEIN,U5U3S0
      1 MG,Structural Genomics/Unknown Function,A0A0H2UQ81
      1 MG,TOXIN,A8ULG6
      1 MG,TOXIN,F0V195
      1 MG,TOXIN,O18423
      1 MG,TOXIN,P22030
      1 MG,TOXIN,Q57159
      2 MG,TOXIN,Q868M7
      1 MG,TOXIN,Q9SPD4
      1 MG,TOXIN/ANTITOXIN,P9WFB9
      1 MG,TRANSCRIPTION REGULATOR,G0GNT0
      1 MG,TRANSCRIPTION REGULATOR,P13632
      1 MG,TRANSCRIPTION REGULATOR,P9WGM1
      1 MG,TRANSCRIPTION,
      1 MG,TRANSCRIPTION, 2.7.11.23"
      1 MG,TRANSCRIPTION,A0A0H3ADN9
      1 MG,TRANSCRIPTION,C5NSW6
      1 MG,TRANSCRIPTION,I2BPL4
      1 MG,TRANSCRIPTION,P0ACT4
      1 MG,TRANSCRIPTION,P0ADG4
      1 MG,TRANSCRIPTION,P0AE88
      1 MG,TRANSCRIPTION,P0AFJ5
      1 MG,TRANSCRIPTION,P21866
      1 MG,TRANSCRIPTION,P39140
      1 MG,TRANSCRIPTION,P51449
      1 MG,TRANSCRIPTION,P51561
      1 MG,TRANSCRIPTION,P58663
      1 MG,TRANSCRIPTION,Q09161
      1 MG,TRANSCRIPTION,Q0S8Y3
      1 MG,TRANSCRIPTION,Q7A2Q1
      1 MG,TRANSCRIPTION,Q8NQ97
      1 MG,TRANSCRIPTION,Q9I509
      1 MG,TRANSFERASE ACTIVATOR,P10721
      1 MG,TRANSFERASE, 2.5.1.1"
      1 MG,TRANSFERASE, 2.5.1.10"
      1 MG,TRANSFERASE, 2.7.10.2"
      1 MG,TRANSFERASE, 2.7.11.23"
      1 MG,TRANSFERASE,"2.5.1.15
      1 MG,TRANSFERASE,"2.7.11.1
      1 MG,TRANSFERASE,2.3.3.14
      1 MG,TRANSFERASE,2.7.1.40
      2 MG,TRANSFERASE,2.7.6.3
      1 MG,TRANSFERASE,2.7.9.1
      1 MG,TRANSFERASE,A0A0A0RDR2
      1 MG,TRANSFERASE,A0A0S2YLC8
      1 MG,TRANSFERASE,A0A140UHQ1
      1 MG,TRANSFERASE,A3MSH1
      1 MG,TRANSFERASE,B2NE58
      2 MG,TRANSFERASE,B3ECE3
      1 MG,TRANSFERASE,B5HDJ6
      2 MG,TRANSFERASE,B8ZSN3
      2 MG,TRANSFERASE,B9ZW32
      1 MG,TRANSFERASE,G7L3W1
      1 MG,TRANSFERASE,O00311
      3 MG,TRANSFERASE,O14965
      1 MG,TRANSFERASE,O15530
      1 MG,TRANSFERASE,O15648
      1 MG,TRANSFERASE,O33799
      1 MG,TRANSFERASE,O75914
      1 MG,TRANSFERASE,O95747
      2 MG,TRANSFERASE,O95819
      1 MG,TRANSFERASE,P00492
      1 MG,TRANSFERASE,P00519
      2 MG,TRANSFERASE,P00523
      1 MG,TRANSFERASE,P00552
      3 MG,TRANSFERASE,P00558
      1 MG,TRANSFERASE,P05132
      1 MG,TRANSFERASE,P06213
      1 MG,TRANSFERASE,P06855
      1 MG,TRANSFERASE,P07128
      1 MG,TRANSFERASE,P08536
      1 MG,TRANSFERASE,P09838
      1 MG,TRANSFERASE,P11309
      1 MG,TRANSFERASE,P12928
      1 MG,TRANSFERASE,P12998
      3 MG,TRANSFERASE,P13444
      1 MG,TRANSFERASE,P14324
      2 MG,TRANSFERASE,P14618
      1 MG,TRANSFERASE,P15790
      1 MG,TRANSFERASE,P16641
      1 MG,TRANSFERASE,P20035
      1 MG,TRANSFERASE,P21860
      2 MG,TRANSFERASE,P21964
      1 MG,TRANSFERASE,P23686
      1 MG,TRANSFERASE,P24348
      2 MG,TRANSFERASE,P26281
      1 MG,TRANSFERASE,P27707
      2 MG,TRANSFERASE,P28327
      1 MG,TRANSFERASE,P28482
      1 MG,TRANSFERASE,P28523
      1 MG,TRANSFERASE,P29320
      1 MG,TRANSFERASE,P29468
      1 MG,TRANSFERASE,P29678
      2 MG,TRANSFERASE,P30291
      2 MG,TRANSFERASE,P31153
      2 MG,TRANSFERASE,P33221
      1 MG,TRANSFERASE,P37268
      1 MG,TRANSFERASE,P41743
      1 MG,TRANSFERASE,P43405
      1 MG,TRANSFERASE,P45985
      1 MG,TRANSFERASE,P47811
      1 MG,TRANSFERASE,P49841
      1 MG,TRANSFERASE,P51955
      1 MG,TRANSFERASE,P53350
      3 MG,TRANSFERASE,P53355
      1 MG,TRANSFERASE,P53778
      1 MG,TRANSFERASE,P60472
      3 MG,TRANSFERASE,P69441
      1 MG,TRANSFERASE,P92208
      1 MG,TRANSFERASE,P9WFF7
      1 MG,TRANSFERASE,P9WHM5
      3 MG,TRANSFERASE,P9WI81
      1 MG,TRANSFERASE,P9WK17
      1 MG,TRANSFERASE,P9WKE5
      1 MG,TRANSFERASE,P9WMN3
      1 MG,TRANSFERASE,P9WPQ5
      1 MG,TRANSFERASE,Q00168
      1 MG,TRANSFERASE,Q00944
      1 MG,TRANSFERASE,Q02059
      2 MG,TRANSFERASE,Q02750
      2 MG,TRANSFERASE,Q04LZ5
      1 MG,TRANSFERASE,Q07010
      1 MG,TRANSFERASE,Q15119
      1 MG,TRANSFERASE,Q15208
      1 MG,TRANSFERASE,Q15418
      1 MG,TRANSFERASE,Q16654
      3 MG,TRANSFERASE,Q26997
      1 MG,TRANSFERASE,Q27686
      1 MG,TRANSFERASE,Q4DRC4
      1 MG,TRANSFERASE,Q4YRR5
      1 MG,TRANSFERASE,Q50859
      1 MG,TRANSFERASE,Q55813
      1 MG,TRANSFERASE,Q5CR09
      1 MG,TRANSFERASE,Q5CYE4
      1 MG,TRANSFERASE,Q5FAC0
      2 MG,TRANSFERASE,Q5WZW9
      1 MG,TRANSFERASE,Q6VAB6
      1 MG,TRANSFERASE,Q6XHB2
      1 MG,TRANSFERASE,Q7Z0H0
      1 MG,TRANSFERASE,Q8NNM1
      1 MG,TRANSFERASE,Q92918
      1 MG,TRANSFERASE,Q96RG2
      1 MG,TRANSFERASE,Q99558
      1 MG,TRANSFERASE,Q9FHD7
      1 MG,TRANSFERASE,Q9HW72
      1 MG,TRANSFERASE,Q9JZG1
      1 MG,TRANSFERASE,Q9LUT0
      1 MG,TRANSFERASE,Q9NP87
      1 MG,TRANSFERASE,Q9UGP5
      1 MG,TRANSFERASE,Q9Z1W9
      1 MG,TRANSFERASE/ANTIBIOTIC,P0A3Y5
      1 MG,TRANSFERASE/INHIBITOR, 2.7.11.23"
      1 MG,TRANSFERASE/INHIBITOR,P9WHQ9
      1 MG,TRANSFERASE/PEPTIDE, 2.7.11.1"
      1 MG,TRANSFERASE/TRANSFERASE INHIBITOR, 2.5.1.10"
      1 MG,TRANSFERASE/TRANSFERASE INHIBITOR,2.7.11.4
      1 MG,TRANSFERASE/TRANSFERASE INHIBITOR,A0A061FLD4
      1 MG,TRANSFERASE/TRANSFERASE INHIBITOR,P20035
      1 MG,TRANSFERASE/TRANSFERASE INHIBITOR,P37173
      1 MG,TRANSFERASE/TRANSFERASE INHIBITOR,P37268
      1 MG,TRANSFERASE/TRANSFERASE INHIBITOR,P52564
      1 MG,TRANSFERASE/TRANSFERASE INHIBITOR,P9WFX5
      1 MG,TRANSFERASE/TRANSFERASE INHIBITOR,Q9Y5S2
      1 MG,TRANSFERASE/TRANSFERASE SUBSTRATE,2.5.1.15
      1 MG,TRANSFERASE/TRANSFERASE inhibitor,2.7.1.37
      1 MG,TRANSFERASE/TRANSFERASE inhibitor,Q2G0Q5
      2 MG,TRANSLATION,O43583
      1 MG,TRANSLATION,O86327
      1 MG,TRANSLATION/HYDROLASE,Q9YAV0
      1 MG,TRANSLATION/OXIDOREDUCTASE,A0A140N6W0
     11 MG,TRANSPORT PROTEIN,
      4 MG,TRANSPORT PROTEIN,A0A1A9TAB8
      2 MG,TRANSPORT PROTEIN,F8UWD6
      1 MG,TRANSPORT PROTEIN,G4FEC0
      1 MG,TRANSPORT PROTEIN,J9PBT7
      1 MG,TRANSPORT PROTEIN,O50271
      1 MG,TRANSPORT PROTEIN,O69061
      1 MG,TRANSPORT PROTEIN,O95069
      1 MG,TRANSPORT PROTEIN,P02766
      1 MG,TRANSPORT PROTEIN,P02769
      2 MG,TRANSPORT PROTEIN,P02931
      2 MG,TRANSPORT PROTEIN,P06129
      1 MG,TRANSPORT PROTEIN,P06996
      1 MG,TRANSPORT PROTEIN,P0AER0
      1 MG,TRANSPORT PROTEIN,P10121
      1 MG,TRANSPORT PROTEIN,P26361
      2 MG,TRANSPORT PROTEIN,P31827
      1 MG,TRANSPORT PROTEIN,P34170
      1 MG,TRANSPORT PROTEIN,P45206
      1 MG,TRANSPORT PROTEIN,P47032
      2 MG,TRANSPORT PROTEIN,P71619
      1 MG,TRANSPORT PROTEIN,Q38998
      1 MG,TRANSPORT PROTEIN,Q5H8A6
      1 MG,TRANSPORT PROTEIN,Q5SMG8
      2 MG,TRANSPORT PROTEIN,Q830V1
      1 MG,TRANSPORT PROTEIN,Q8A6W3
      1 MG,TRANSPORT PROTEIN,Q8A6W4
      1 MG,TRANSPORT PROTEIN,Q8BJS4
      1 MG,TRANSPORT PROTEIN,Q8DPB1
      1 MG,TRANSPORT PROTEIN,Q8T6I2
      2 MG,TRANSPORT PROTEIN,Q8TTZ5
      1 MG,TRANSPORT PROTEIN,Q9X0V0
      1 MG,TRANSPORT,E1VBK1
      1 MG,Transcription Regulator,
      1 MG,Transcription regulator,
      1 MG,Transferase/Transferase Inhibitor,P9WI81
      1 MG,Transferase/transferase inhibitor,P45983
      1 MG,Transferase/transferase inhibitor,Q9Y6E0
      1 MG,UNKNOWN FUNCTION,
      1 MG,UNKNOWN FUNCTION,A0A0H3LT39
      1 MG,UNKNOWN FUNCTION,A2RUC4
      1 MG,UNKNOWN FUNCTION,A7AL02
      1 MG,UNKNOWN FUNCTION,A7ATL3
      1 MG,UNKNOWN FUNCTION,P38822
      1 MG,UNKNOWN FUNCTION,P9WJ73
      1 MG,UNKNOWN FUNCTION,P9WKX5
      1 MG,UNKNOWN FUNCTION,Q04QG8
      1 MG,UNKNOWN FUNCTION,Q5NFU2
      1 MG,UNKNOWN FUNCTION,Q8A090
      1 MG,UNKNOWN FUNCTION,Q8A5Q9
      1 MG,UNKNOWN FUNCTION,Q8ZPF0
      1 MG,VIRAL PROTEIN,M1EAS5
      1 MG,VIRAL PROTEIN,P04506
      1 MG,VIRAL PROTEIN,P07240
      1 MG,VIRAL PROTEIN,P20345
      1 MG,VIRAL PROTEIN,Q5MQD0
      1 MG,VIRAL PROTEIN,Q6I7B9
      2 MG,VIRAL PROTEIN,Q775D6
      1 MG,VIRAL PROTEIN,Q7Y442
      3 MG,VIRAL PROTEIN,Q80J94
      1 MG,VIRAL PROTEIN,Q83884
      2 MG,VIRAL PROTEIN,Q8SD31
      1 MG,VIRAL PROTEIN,Q9XJP3
      1 MG,VIRUS,Q4TVT6
      1 MG,VIRUS,Q8IZA0
      1 MG,VIRUS,Q9H6X2
      1 MG,ligase/ligase inhibitor,P9WIL5
      1 MG,signaling protein / HYDROLASE,P21279
      1 MG,transcription regulator,O30989
      1 MG,transcription regulator,Q8NTY1
      1 MN,"HYDROLASE,3.1.13.-
      5 MN,"STRUCTURAL GENOMICS,
      5 MN,"Structural Genomics,
      1 MN,"TRANSFERASE, chorismate mutase-isozyme 3"
      1 MN,"TRANSFERASE,2-N-acetylglucosaminyltransferase 1"
      1 MN,"TRANSFERASE,Ribonuclease HI
      1 MN,"structural genomics,
      1 MN,ANTIBIOTIC BIOSYNTHESIS,P05326
      1 MN,BIOSYNTHETIC PROTEIN,P47075
      1 MN,BIOSYNTHETIC PROTEIN,Q57265
      1 MN,BIOSYNTHETIC PROTEIN,Q9X1H5
      2 MN,CALCIUM BINDING PROTEIN,P02619
      3 MN,CALCIUM-BINDING PROTEIN,P0DP23
      1 MN,CARBOHYDRATE-BINDING PROTEIN,P81637
      5 MN,CELL ADHESION,P05106
      1 MN,CELL ADHESION,P09803
      2 MN,CELL ADHESION,P18564
      1 MN,CELL ADHESION,Q13418
      1 MN,DNA BINDING PROTEIN,A0A0H2UTK0
      1 MN,DNA BINDING PROTEIN,P9WMK7
      1 MN,DNA BINDING PROTEIN,Q5NIN6
      1 MN,DNA BINDING PROTEIN,Q9WYA3
      1 MN,Exchange Factor,Q99418
      1 MN,HORMONE,Q88QV5
      1 MN,HYDROLASE, 3.1.3.94"
      1 MN,HYDROLASE,3.1.3.11
      1 MN,HYDROLASE,3.5.3.1
      1 MN,HYDROLASE,A0A0F7RKF8
      1 MN,HYDROLASE,A0A0H2VD83
      1 MN,HYDROLASE,A0A1I7CHQ2
      1 MN,HYDROLASE,A0A1S7QSB2
      1 MN,HYDROLASE,A8WBX8
      1 MN,HYDROLASE,C4LSS0
      1 MN,HYDROLASE,O13297
      1 MN,HYDROLASE,O25949
      1 MN,HYDROLASE,O33199
      1 MN,HYDROLASE,O69787
      1 MN,HYDROLASE,O97193
      1 MN,HYDROLASE,P00723
      1 MN,HYDROLASE,P00817
      1 MN,HYDROLASE,P07824
      1 MN,HYDROLASE,P0DJQ3
      2 MN,HYDROLASE,P12955
      1 MN,HYDROLASE,P50579
      1 MN,HYDROLASE,P53041
      1 MN,HYDROLASE,P62137
      1 MN,HYDROLASE,Q4DSA0
      1 MN,HYDROLASE,Q57573
      1 MN,HYDROLASE,Q5SK18
      1 MN,HYDROLASE,Q6TUJ5
      1 MN,HYDROLASE,Q8P839
      3 MN,HYDROLASE,Q9HXY1
      1 MN,HYDROLASE,Q9I3S3
      1 MN,HYDROLASE,Q9I6K2
      1 MN,HYDROLASE,Q9RUY4
      1 MN,HYDROLASE,Q9RZ04
      1 MN,HYDROLASE,Q9WYJ7
      2 MN,HYDROLASE,W8YSI5
      1 MN,HYDROLASE/HYDROLASE INHIBITOR,P36873
      1 MN,IMMUNE SYSTEM,Q02ML7
      1 MN,ISOMERASE,5.4.2.1
      3 MN,ISOMERASE,5.4.2.12
      1 MN,ISOMERASE,P08310
      2 MN,ISOMERASE,P24300
      1 MN,ISOMERASE,P27099
      6 MN,ISOMERASE,Q13907
      2 MN,ISOMERASE,Q46822
      1 MN,ISOMERASE,Q8G9L1
      1 MN,ISOMERASE,Q97N97
      1 MN,ISOMERASE,Q9KCL9
      1 MN,LIGASE,P0A8N5
      1 MN,LIGASE,P45066
      1 MN,LIGASE/ANTIBIOTIC,6.1.1.2
      2 MN,LYASE,4.1.1.32
      1 MN,LYASE,O09460
      2 MN,LYASE,O34714
      1 MN,LYASE,P00864
      2 MN,LYASE,P08954
      1 MN,LYASE,P22259
      1 MN,LYASE,Q40322
      2 MN,LYASE/INHIBITOR,4.1.1.32
      1 MN,LYASE/OXIDOREDUCTASE,P51016
      1 MN,MEMBRANE PROTEIN/METAL TRANSPORT,Q99385
      1 MN,METAL BINDING PROTEIN,A6WG04
      1 MN,METAL BINDING PROTEIN,C6XF58
      1 MN,METAL BINDING PROTEIN,Q6I6B2
      1 MN,METAL BINDING PROTEIN,Q9X1H0
      1 MN,METAL BINDING PROTEIN,V6F4Q0
      1 MN,METAL TRANSPORT,Q0PBI7
      1 MN,Membrane protein/Immune system,P05106
      2 MN,NUCLEOTIDYLTRANSFERASE,P06766
      1 MN,OXIDOREDUCTASE, 3.4.-.-"
      1 MN,OXIDOREDUCTASE,"1.14.11.-
      1 MN,OXIDOREDUCTASE,1.1.1.39
      1 MN,OXIDOREDUCTASE,1.13.11.15
      1 MN,OXIDOREDUCTASE,1.14.11.-
      1 MN,OXIDOREDUCTASE,G4NAP4
      1 MN,OXIDOREDUCTASE,P41229
      1 MN,OXIDOREDUCTASE,P83310
      1 MN,OXIDOREDUCTASE,P9WNZ5
      1 MN,OXIDOREDUCTASE,Q43077
      1 MN,OXIDOREDUCTASE,Q72GH6
      1 MN,OXIDOREDUCTASE,Q8YSJ5
      1 MN,OXIDOREDUCTASE/INHIBITOR,P29375
      1 MN,PHOSPHODIESTERASE,Q58346
      1 MN,PHOTOSYNTHESIS,P0A444
      2 MN,PLASIMIN AND FIBRONECTIN-BINDING PROTEIN,Q8CYC9
      1 MN,PROTEIN TRANSPORT,Q9QZ88
      1 MN,REPLICATION,P13921
      1 MN,REPLICATION,Q97ZS7
      1 MN,RNA BINDING PROTEIN,C4LU64
      2 MN,RNA BINDING PROTEIN,Q8U1S6
      1 MN,SIGNALING PROTEIN,
      1 MN,SIGNALING PROTEIN,A0A0H2UQ68
      2 MN,SIGNALING PROTEIN,P0AE67
      1 MN,SIGNALING PROTEIN,P38011
      1 MN,SIGNALING PROTEIN,Q55169
      1 MN,SIGNALLING PROTEIN,O81223
      1 MN,STRUCTURAL PROTEIN,Q11176
      1 MN,STRUCTURAL PROTEIN,Q9DQX7
      1 MN,SUGAR BINDING PROTEIN,P02866
      2 MN,SUGAR BINDING PROTEIN,P02872
      1 MN,SUGAR BINDING PROTEIN,P05046
      1 MN,SUGAR BINDING PROTEIN,P05088
      1 MN,SUGAR BINDING PROTEIN,P42088
      1 MN,SUGAR BINDING PROTEIN,P81371
      1 MN,SUGAR BINDING PROTEIN,P81517
      1 MN,SUGAR BINDING PROTEIN,P83410
      1 MN,SUGAR BINDING PROTEIN,P86353
      1 MN,SUGAR BINDING PROTEIN,Q8W1R6
      1 MN,SURFACE ACTIVE PROTEIN,P79073
      1 MN,TOXIN,A0A0H3AIG7
      1 MN,TOXIN,A0A0H3NMP8
      1 MN,TOXIN,B7UI21
      1 MN,TOXIN,C4SH25
      1 MN,TOXIN,M4NKV9
      1 MN,TOXIN,Q87DZ3
      1 MN,TOXIN/CELL ADHESION,P17301
      1 MN,TOXOFLAVIN BINDING PROTEIN,E3SET7
      1 MN,TRANSCRIPTION,A0A0H3CJW2
      2 MN,TRANSCRIPTION,I6Y1Q2
      1 MN,TRANSCRIPTION,O00370
      1 MN,TRANSCRIPTION,P10958
      1 MN,TRANSCRIPTION,P13792
      1 MN,TRANSCRIPTION,P54512
      1 MN,TRANSCRIPTION,Q03456
      1 MN,TRANSCRIPTION,Q9K943
      1 MN,TRANSFERASE ACTIVATOR/TRANSFERASE,"2.4.1.22
      1 MN,TRANSFERASE, 2.4.1.133"
      1 MN,TRANSFERASE, 2.7.11.1"
      1 MN,TRANSFERASE,"2.4.1.-
      2 MN,TRANSFERASE,"2.4.1.151
      1 MN,TRANSFERASE,2.4.1.101
      1 MN,TRANSFERASE,2.4.1.87
      1 MN,TRANSFERASE,A0A0Y1PI62
      1 MN,TRANSFERASE,A0QLU8
      1 MN,TRANSFERASE,A5TY84
      1 MN,TRANSFERASE,O05701
      1 MN,TRANSFERASE,P00549
      1 MN,TRANSFERASE,P03007
      1 MN,TRANSFERASE,P0AG16
      1 MN,TRANSFERASE,P17109
      1 MN,TRANSFERASE,P25500
      2 MN,TRANSFERASE,P41743
      1 MN,TRANSFERASE,Q9JZG1
      1 MN,TRANSFERASE,Q9P2W7
      2 MN,TRANSFERASE,Q9UGP5
      1 MN,TRANSFERASE,Q9YEJ7
      1 MN,TRANSFERASE,S6G476
      1 MN,TRANSFERASE/TRANSFERASE INHIBITOR,Q9H4A3
      1 MN,TRANSLATION,D0MK34
      1 MN,TRANSPORT PROTEIN,A0A0H3PA01
      1 MN,TRANSPORT PROTEIN,F9L8R0
      1 MN,TRANSPORT PROTEIN,Q9I174
      1 MN,UNKNOWN FUNCTION,B6YTD8
      1 MN,UNKNOWN FUNCTION,P9WLZ7
      1 MN,UNKNOWN FUNCTION,Q58707
      1 MN,UNKNOWN FUNCTION,Q73WU1
      1 MN,UNKNOWN FUNCTION,Q8PPZ5
      1 MN,VIRAL PROTEIN,P0CK31
      1 MOO,BINDING PROTEIN,P37329
      1 MOO,HYDROLASE, 3.1.3.2"
      1 MOO,METAL BINDING PROTEIN,P84308
      1 MOO,METAL TRANSPORT,P44206
      1 MOO,TRANSPORT PROTEIN,Q8TTZ5
      1 MOS,OXIDOREDUCTASE, 1.17.3.2"
      1 MOS,OXIDOREDUCTASE,Q0QLF1
      1 MOS,OXIDOREDUCTASE,Q84IX8
      1 NI,"IMMUNE SYSTEM,
      3 NI,"STRUCTURAL GENOMICS,
      1 NI,"SUGAR BINDING,
      2 NI,"structural genomics,
      1 NI,BIOSYNTHETIC PROTEIN,A0A1B0VLW5
      1 NI,BIOSYNTHETIC PROTEIN,Q186X0
      1 NI,CELL ADHESION,P08191
      1 NI,CELL ADHESION,P13688
      1 NI,CELL ADHESION,Q6G2A9
      1 NI,CELL ADHESION,Q8TAB3
      2 NI,CELL CYCLE,F8W4B7
      1 NI,CELL CYCLE,Q6PJP8
      1 NI,CHAPERONE,
      2 NI,CHAPERONE,P02829
      1 NI,CHAPERONE,P0A6Z3
      3 NI,CHAPERONE,P31948
      1 NI,CHAPERONE,Q5JS54
      1 NI,CYTOKINE,Q8AY12
      1 NI,DNA BINDING PROTEIN,B1YEV7
      2 NI,DNA BINDING PROTEIN,Q70LE6
      1 NI,ENDOCYTOSIS,P84092
      1 NI,ENDOCYTOSIS/EXOCYTOSIS,P36017
      1 NI,GENE REGULATION,Q8GUI6
      1 NI,GENE REGULATION,Q8N8U2
      1 NI,GROWTH FACTOR,P21802
      2 NI,HYDROLASE,C7C422
      1 NI,HYDROLASE,F4MWM7
      1 NI,HYDROLASE,G9JVE6
      1 NI,HYDROLASE,I3PA93
      2 NI,HYDROLASE,P0C6T4
      1 NI,HYDROLASE,P41020
      1 NI,HYDROLASE,Q51502
      2 NI,HYDROLASE,Q57ZL6
      1 NI,HYDROLASE,Q6VT21
      1 NI,Heme Binding Protein,A0R6E4
      4 NI,IMMUNE SYSTEM,
      1 NI,IMMUNE SYSTEM,O34000
      1 NI,IMMUNE SYSTEM,P01563
      2 NI,IMMUNE SYSTEM,P01887
      1 NI,IMMUNE SYSTEM,P06756
      1 NI,IMMUNE SYSTEM,Q9BUD6
      2 NI,LIGAND BINDING PROTEIN,O26255
      1 NI,LIPID BINDING PROTEIN,5-trisphosphate-dependent Rac exchanger 1 protein"
      1 NI,LUMINESCENT PROTEIN,Q8I6J8
      2 NI,LYASE,P58687
      1 NI,MEMBRANE PROTEIN,A0A100XEC2
      1 NI,MEMBRANE PROTEIN,Q8R9C0
      1 NI,MEMBRANE PROTEIN,Q9HWW1
      1 NI,MEMBRANE PROTEIN,Q9I116
      1 NI,METAL BINDING PROTEIN,
      1 NI,METAL BINDING PROTEIN,O31562
      1 NI,METAL BINDING PROTEIN,P04170
      1 NI,METAL BINDING PROTEIN,P0ABE7
      1 NI,METAL BINDING PROTEIN,P37975
      1 NI,METAL BINDING PROTEIN,P55008
      1 NI,METAL BINDING PROTEIN,Q13HN3
      1 NI,METAL BINDING PROTEIN,Q8A8Q1
      1 NI,METAL BINDING PROTEIN,Q8TMX3
      1 NI,METAL BINDING PROTEIN,Q9RC77
      1 NI,METAL BINDING PROTEIN,Q9UPP1
      4 NI,NUCLEAR PROTEIN,O28951
      5 NI,NUCLEAR PROTEIN,Q8IUF8
      1 NI,NUCLEAR RECEPTOR,
      2 NI,NUCLEAR RECEPTOR,Q62986
      1 NI,OXIDOREDUCTASE,A2VA43
      1 NI,OXIDOREDUCTASE,D4N500
      1 NI,OXIDOREDUCTASE,O75164
      1 NI,OXIDOREDUCTASE,P14925
      1 NI,OXIDOREDUCTASE,P39956
      1 NI,OXIDOREDUCTASE,Q08506
      1 NI,OXIDOREDUCTASE,Q6B0I6
      1 NI,OXIDOREDUCTASE,Q6EZB3
      1 NI,OXIDOREDUCTASE,Q7RYZ9
      1 NI,PEPTIDE BINDING PROTEIN,O08808
      1 NI,PLANT PROTEIN,P25810
      2 NI,PROTEIN BINDING,
      1 NI,PROTEIN BINDING,O14745
      1 NI,PROTEIN BINDING,O75151
      1 NI,PROTEIN BINDING,Q8GQ50
      1 NI,PROTEIN BINDING,Q96A44
      2 NI,PROTEIN TRANSPORT,I6Y4Q7
      1 NI,RECOMBINATION,Q5KXY4
      1 NI,REPLICATION,I3UIB4
      1 NI,RNA BINDING PROTEIN,Q14011
      1 NI,SIGNALING PROTEIN,
      1 NI,SIGNALING PROTEIN,O88992
      1 NI,SIGNALING PROTEIN,P63000
      1 NI,SIGNALING PROTEIN,Q51451
      1 NI,SIGNALING PROTEIN,Q9VCR6
      2 NI,STRUCTURAL PROTEIN,A0A0H2UNM7
      1 NI,STRUCTURAL PROTEIN,P52179
      1 NI,SUGAR BINDING PROTEIN,O00182
      1 NI,TOXIN,D0VWX7
      2 NI,TOXIN,P78737
      1 NI,TOXIN,Q93UU8
      1 NI,TRANSCRIPTION REGULATION,O14508
      1 NI,TRANSCRIPTION REGULATION,Q15370
      1 NI,TRANSCRIPTION REGULATOR,
      1 NI,TRANSCRIPTION REGULATOR,P0A9G8
      1 NI,TRANSCRIPTION,
      1 NI,TRANSCRIPTION,C5A074
      3 NI,TRANSCRIPTION,O58316
      1 NI,TRANSCRIPTION,O95696
      1 NI,TRANSCRIPTION,P0A9G8
      1 NI,TRANSCRIPTION,P0C872
      1 NI,TRANSCRIPTION,P39140
      1 NI,TRANSCRIPTION,P9WMH1
      2 NI,TRANSCRIPTION,Q86U86
      1 NI,TRANSCRIPTION,Q8VDS3
      1 NI,TRANSCRIPTIONAL REGULATION,O25896
      1 NI,TRANSPORT PROTEIN,
      1 NI,TRANSPORT PROTEIN,O43896
      1 NI,TRANSPORT PROTEIN,P10903
      1 NI,TRANSPORT PROTEIN,P36370
      1 NI,TRANSPORT PROTEIN,Q0P844
      1 NI,TRANSPORT PROTEIN,Q7BCK4
      1 NI,TRANSPORT,Q9K4F8
      1 NI,UNKNOWN FUNCTION,A0A1E8X683
      1 NI,UNKNOWN FUNCTION,P45545
      1 NI,VIRAL PROTEIN,P10218
      1 NI,VIRAL PROTEIN,Q6QT01
      3 NI,mucin-binding protein,Q89ZX5
      1 NI,transcription regulator,Q9F8C4
      1 ZN,"APOPTOSIS,
      3 ZN,"CELL CYCLE,
      2 ZN,"ENDOCYTOSIS/EXOCYTOSIS,
      1 ZN,"Flurorescent Protein,Tax1-binding protein 1"
      1 ZN,"GENE REGULATION,
      2 ZN,"HYDROLASE,3.1.26.3
      1 ZN,"Hydrolase,3.5.2.6
      3 ZN,"MEMBRANE PROTEIN,
      1 ZN,"METAL BINDING PROTEIN,
      3 ZN,"METAL BINDING,
      2 ZN,"Membrane Protein,Smoothened homolog"
      1 ZN,"ONCOPROTEIN,
      1 ZN,"PROTEIN TRANSPORT,
      1 ZN,"RECOMBINATION,
      1 ZN,"REPLICATION,
      2 ZN,"SIGNALING PROTEIN,
     46 ZN,"STRUCTURAL GENOMICS,
      2 ZN,"STRUCTURAL GENOMICS, conserved hypothetical protein"
      1 ZN,"STRUCTURAL PROTEIN,
      1 ZN,"Signaling protein,
      6 ZN,"Structural Genomics,
      1 ZN,"Structural Genomics, conserved hypothetical protein"
      3 ZN,"Structural genomics,
      2 ZN,"Structural protein,
      3 ZN,"TRANSCRIPTION,
      2 ZN,"VIRAL PROTEIN,
      5 ZN,"structural genomics,
      1 ZN,"structural genomics, conserved barrel domain protein"
      1 ZN,"transcription,
      1 ZN,ACTIN-BINDING PROTEIN/PEPTIDE,O76041
      1 ZN,ALLERGEN,P82242
      1 ZN,ANGIOGENESIS INHIBITOR,P39061
      1 ZN,ANTIBIOTIC RESISTANCE,Q8GNY5
      1 ZN,ANTIBIOTIC,J9ULM6
      2 ZN,ANTIMICROBIAL PROTEIN,Q06141
      1 ZN,ANTITUMOR,P38398
      2 ZN,ANTITUMOR,Q99728
      4 ZN,ANTIVIRAL PROTEIN,Q7Z2W4
      4 ZN,ANTIVIRAL PROTEIN,Q8K3Y6
      2 ZN,ANTIVIRAL PROTEIN,Q9BYJ4
      1 ZN,APOPTOSIS INHIBITOR,Q24306
      2 ZN,APOPTOSIS REGULATOR/INHIBITOR,Q07817
      2 ZN,APOPTOSIS,"P97287
      1 ZN,APOPTOSIS,P04637
      1 ZN,APOPTOSIS,P11862
      1 ZN,APOPTOSIS,P15498
      2 ZN,APOPTOSIS,P15533
      1 ZN,APOPTOSIS,P50591
      2 ZN,APOPTOSIS,P98170
      8 ZN,APOPTOSIS,Q07820
      1 ZN,APOPTOSIS,Q13075
      2 ZN,APOPTOSIS,Q13114
      1 ZN,APOPTOSIS,Q13489
      1 ZN,APOPTOSIS,Q13490
      3 ZN,APOPTOSIS,Q16611
      1 ZN,APOPTOSIS,Q24306
      1 ZN,APOPTOSIS,Q6GPH4
      1 ZN,APOPTOSIS,Q86VP1
      1 ZN,APOPTOSIS,Q96P09
      1 ZN,APOPTOSIS/APOPTOSIS INHIBITOR,P98170
      2 ZN,ARGININE-BINDING PROTEIN,Q8ZKA9
      2 ZN,ATP binding protein,Q9KT04
      1 ZN,Apoptosis Inhibitor,
      1 ZN,Apoptosis/Inhibitor,Q07820
      1 ZN,BIOSYNTHETIC PROTEIN,A0A0H3JUU7
      1 ZN,BIOSYNTHETIC PROTEIN,A0A1B0VLW5
      1 ZN,BIOSYNTHETIC PROTEIN,A0A452CSY9
      1 ZN,BIOSYNTHETIC PROTEIN,B7J6R7
      1 ZN,BIOSYNTHETIC PROTEIN,G3XCX7
      1 ZN,BIOSYNTHETIC PROTEIN,P23184
      1 ZN,BIOSYNTHETIC PROTEIN,Q03202
      1 ZN,BIOSYNTHETIC PROTEIN,Q38814
      1 ZN,BIOSYNTHETIC PROTEIN,Q5JFV9
      1 ZN,BIOSYNTHETIC PROTEIN,Q9A6Q5
      1 ZN,BLOOD CLOTTING,"P00451
      1 ZN,CALCIUM-BINDING PROTEIN,P00709
      1 ZN,CALCIUM-BINDING PROTEIN,P0DP23
      1 ZN,CALCIUM-BINDING PROTEIN,Q13137
      2 ZN,CARBOHYDRATE-BINDING PROTEIN,A3DC27
      7 ZN,CELL ADHESION,
      1 ZN,CELL ADHESION,A0A0M3KL43
      1 ZN,CELL ADHESION,C7T9P4
      1 ZN,CELL ADHESION,E4Q7C4
      5 ZN,CELL ADHESION,O15943
      1 ZN,CELL ADHESION,O68212
      4 ZN,CELL ADHESION,P02751
      1 ZN,CELL ADHESION,P33150
      2 ZN,CELL ADHESION,P40199
      3 ZN,CELL ADHESION,P48059
      2 ZN,CELL ADHESION,P49023
      1 ZN,CELL ADHESION,Q02248
      4 ZN,CELL ADHESION,Q15654
      3 ZN,CELL ADHESION,Q3JFX2
      2 ZN,CELL ADHESION,Q3UH53
      1 ZN,CELL ADHESION,Q5XHE3
      2 ZN,CELL ADHESION,Q8AAZ2
      1 ZN,CELL ADHESION,Q8NWQ6
      4 ZN,CELL CYCLE,F8W4B7
      3 ZN,CELL CYCLE,O13728
      1 ZN,CELL CYCLE,O15151
      2 ZN,CELL CYCLE,O15392
      4 ZN,CELL CYCLE,O60308
      1 ZN,CELL CYCLE,P0CI74
      1 ZN,CELL CYCLE,Q5XUX0
      1 ZN,CELL CYCLE,Q8NNN6
      2 ZN,CELL CYCLE,Q99675
      1 ZN,CELL CYCLE,Q9H8S9
      1 ZN,CELL CYCLE,Q9P802
      1 ZN,CELL DIVISION PROTEIN,Q9WZ49
      1 ZN,CELL INVASION,Q99WU4
      1 ZN,CHAPERONE,
      1 ZN,CHAPERONE,O14618
      1 ZN,CHAPERONE,P02470
      2 ZN,CHAPERONE,P08622
      1 ZN,CHAPERONE,P0A6Y5
      1 ZN,CHAPERONE,P31658
      1 ZN,CHAPERONE,P37565
      3 ZN,CHAPERONE,P77754
      1 ZN,CHAPERONE,Q12118
      4 ZN,CHAPERONE,Q18688
      1 ZN,CHAPERONE,Q19007
      2 ZN,CHAPERONE,Q44177
      2 ZN,CHAPERONE,Q96EY1
      2 ZN,CHAPERONE,Q9SN73
      1 ZN,CHAPERONE,Q9X1B4
      2 ZN,CHAPERONE/PROTEIN BINDING,Q9SE33
      4 ZN,CHLOROPLASTIC MALATE DEHYDROGENASE,P17606
      1 ZN,CHOLINE-BINDING PROTEIN,A0A0F7PV22
      1 ZN,COMPLEX (ANTI-ONCOGENE/ANKYRIN REPEATS),P04637
      1 ZN,COMPLEX (SIGNAL TRANSDUCTION/PEPTIDE),P62993
      2 ZN,COMPLEX (TWO TRANSCRIPTION FACTORS),P49847
      1 ZN,CONTRACTILE PROTEIN,O70209
      2 ZN,CONTRACTILE PROTEIN,Q13642
      1 ZN,CONTRACTILE,P67966
      1 ZN,CYTOKINE,P13236
      1 ZN,CYTOKINE,P49771
      1 ZN,CYTOKINE,P60568
      2 ZN,CYTOKINE,Q9WV56
      1 ZN,DE NOVO PROTEIN,O58307
      3 ZN,DNA BINDING PROTEIN,
      1 ZN,DNA BINDING PROTEIN,A0A0H3C9J4
      1 ZN,DNA BINDING PROTEIN,A0A0H3JZ73
      2 ZN,DNA BINDING PROTEIN,A6TGC5
      1 ZN,DNA BINDING PROTEIN,I3LM39
      1 ZN,DNA BINDING PROTEIN,I6X7F9
      1 ZN,DNA BINDING PROTEIN,O15350
      1 ZN,DNA BINDING PROTEIN,O60281
      2 ZN,DNA BINDING PROTEIN,O67518
      1 ZN,DNA BINDING PROTEIN,O81488
      1 ZN,DNA BINDING PROTEIN,O94276
      2 ZN,DNA BINDING PROTEIN,P03265
      2 ZN,DNA BINDING PROTEIN,P04150
      1 ZN,DNA BINDING PROTEIN,P04296
      1 ZN,DNA BINDING PROTEIN,P04637
      1 ZN,DNA BINDING PROTEIN,P06536
      3 ZN,DNA BINDING PROTEIN,P15919
      1 ZN,DNA BINDING PROTEIN,P16794
      1 ZN,DNA BINDING PROTEIN,P17028
      2 ZN,DNA BINDING PROTEIN,P20201
      2 ZN,DNA BINDING PROTEIN,P23025
      1 ZN,DNA BINDING PROTEIN,P27694
      1 ZN,DNA BINDING PROTEIN,P32447
      1 ZN,DNA BINDING PROTEIN,P38957
      1 ZN,DNA BINDING PROTEIN,P71086
      1 ZN,DNA BINDING PROTEIN,P78364
      1 ZN,DNA BINDING PROTEIN,P9WGD5
      1 ZN,DNA BINDING PROTEIN,P9WQ13
      3 ZN,DNA BINDING PROTEIN,P9WQK7
      2 ZN,DNA BINDING PROTEIN,Q08288
      1 ZN,DNA BINDING PROTEIN,Q13105
      1 ZN,DNA BINDING PROTEIN,Q14653
      1 ZN,DNA BINDING PROTEIN,Q14839
      1 ZN,DNA BINDING PROTEIN,Q2M1K9
      1 ZN,DNA BINDING PROTEIN,Q46864
      2 ZN,DNA BINDING PROTEIN,Q5EAW4
      1 ZN,DNA BINDING PROTEIN,Q5NIN6
      1 ZN,DNA BINDING PROTEIN,Q60980
      2 ZN,DNA BINDING PROTEIN,Q680Q4
      1 ZN,DNA BINDING PROTEIN,Q72QS5
      1 ZN,DNA BINDING PROTEIN,Q7Y265
      1 ZN,DNA BINDING PROTEIN,Q80TJ7
      1 ZN,DNA BINDING PROTEIN,Q8DPL7
      2 ZN,DNA BINDING PROTEIN,Q8IYH5
      1 ZN,DNA BINDING PROTEIN,Q8NA31
      2 ZN,DNA BINDING PROTEIN,Q8NFD5
      2 ZN,DNA BINDING PROTEIN,Q8S9G8
      2 ZN,DNA BINDING PROTEIN,Q8U0N5
      1 ZN,DNA BINDING PROTEIN,Q92794
      1 ZN,DNA BINDING PROTEIN,Q96JM2
      2 ZN,DNA BINDING PROTEIN,Q9BU19
      2 ZN,DNA BINDING PROTEIN,Q9BY66
      2 ZN,DNA BINDING PROTEIN,Q9C810
      2 ZN,DNA BINDING PROTEIN,Q9H040
      1 ZN,DNA BINDING PROTEIN,Q9I3H9
      1 ZN,DNA BINDING PROTEIN,Q9L0M9
      2 ZN,DNA BINDING PROTEIN,Q9LRB7
      1 ZN,DNA BINDING PROTEIN,Q9RS64
      2 ZN,DNA BINDING PROTEIN,Q9S7A9
      1 ZN,DNA BINDING PROTEIN,Q9S7P5
      2 ZN,DNA BINDING PROTEIN,Q9SZ69
      1 ZN,DNA BINDING PROTEIN,Q9UL40
      1 ZN,DNA BINDING PROTEIN,Q9UXG1
      1 ZN,DNA BINDING PROTEIN,Q9WYV0
      1 ZN,DNA BINDING PROTEIN,Q9XI90
      2 ZN,DNA BINDING PROTEIN,Q9Y4J8
      1 ZN,DNA BINDING PROTEIN,Q9Y692
      1 ZN,DNA BINDING PROTEIN/PROTEIN BINDING,P0CF65
      1 ZN,DNA excision repair,P56981
      2 ZN,DNA-BINDING RECEPTOR,P10826
      1 ZN,ELECTRON TRANSPORT,
      1 ZN,ELECTRON TRANSPORT,O05893
      1 ZN,ELECTRON TRANSPORT,O66511
      2 ZN,ELECTRON TRANSPORT,P00147
      1 ZN,ELECTRON TRANSPORT,P00273
      2 ZN,ELECTRON TRANSPORT,P34097
      1 ZN,ELECTRON TRANSPORT,P49949
      2 ZN,ELECTRON TRANSPORT,P54820
      1 ZN,ELECTRON TRANSPORT,P94690
      2 ZN,ELECTRON TRANSPORT,P95522
      4 ZN,ELECTRON TRANSPORT,Q30JB5
      4 ZN,ELECTRON TRANSPORT,Q4AE24
      1 ZN,ELECTRON TRANSPORT,Q4W5X6
      1 ZN,ELECTRON TRANSPORT,Q58M74
      1 ZN,ELECTRON TRANSPORT,Q8EDL6
      2 ZN,ELECTRON TRANSPORT,Q8VUI3
      1 ZN,ELECTRON TRANSPORT,Q9XG40
      1 ZN,ENDOCYTOSIS,Q15811
      3 ZN,ENDOCYTOSIS,Q9BQI5
      1 ZN,ENDOCYTOSIS/EXOCYTOSIS,Q12038
      2 ZN,ENDOCYTOSIS/EXOCYTOSIS,Q15075
      2 ZN,ENDONUCLEASE,P24289
      2 ZN,EXOCYTOSIS,Q9JIS1
      3 ZN,FLAVOPROTEIN,Q81G57
      2 ZN,FLUORESCENT PROTEIN,D0VWW2
      1 ZN,FLUORESCENT PROTEIN,P42212
      1 ZN,GENE REGULATION,
      1 ZN,GENE REGULATION,A2RNS2
      2 ZN,GENE REGULATION,B9H0V2
      1 ZN,GENE REGULATION,C1CZ84
      2 ZN,GENE REGULATION,F4JL28
      1 ZN,GENE REGULATION,O14497
      2 ZN,GENE REGULATION,O95628
      1 ZN,GENE REGULATION,P41182
      2 ZN,GENE REGULATION,P45481
      1 ZN,GENE REGULATION,P52594
      3 ZN,GENE REGULATION,P9WN85
      4 ZN,GENE REGULATION,Q03456
      2 ZN,GENE REGULATION,Q12830
      1 ZN,GENE REGULATION,Q24459
      1 ZN,GENE REGULATION,Q8GUI6
      2 ZN,GENE REGULATION,Q8WV22
      1 ZN,GENE REGULATION,Q91ZD1
      1 ZN,GENE REGULATION,Q92785
      2 ZN,GENE REGULATION,Q96KM6
      2 ZN,GENE REGULATION,Q9BYE7
      2 ZN,GENE REGULATION,Q9D168
      2 ZN,GENE REGULATION,Q9DAG9
      2 ZN,GENE REGULATION,Q9HCI7
      1 ZN,GENE REGULATION,Q9XI47
      3 ZN,GENE REGULATION,Q9Y3Y4
      1 ZN,GROWTH FACTOR,P01139
      1 ZN,HEME-BINDING PROTEIN,A0A0F7R5Y3
      1 ZN,HEME-BINDING PROTEIN,Q7AP54
      1 ZN,HORMONE,P02766
      1 ZN,HORMONE,Q88QV5
      1 ZN,HYDROLASE (ACTING IN CYCLIC AMIDES),P04190
      1 ZN,HYDROLASE (ALPHA-AMINOACYLPEPTIDE),P00727
      1 ZN,HYDROLASE (METALLOPROTEASE),P03956
      1 ZN,HYDROLASE(ACTING ON LINEAR AMIDES),P00806
      1 ZN,HYDROLASE(C-TERMINAL PEPTIDASE),P00730
      1 ZN,HYDROLASE,
      5 ZN,HYDROLASE, 3.1.1.3"
      1 ZN,HYDROLASE, 3.4.11.10"
      1 ZN,HYDROLASE, 3.4.15.1"
      1 ZN,HYDROLASE,3.1.3.11
     10 ZN,HYDROLASE,3.2.1.89
      1 ZN,HYDROLASE,3.4.11.9
      1 ZN,HYDROLASE,3.4.13.9
      1 ZN,HYDROLASE,3.5.1.88
      1 ZN,HYDROLASE,A0A059Q5E8
      1 ZN,HYDROLASE,A0A060GSW0
      1 ZN,HYDROLASE,A0A0H3K7S1
      1 ZN,HYDROLASE,A0A0H3KPJ4
      1 ZN,HYDROLASE,A0A0R4I979
      1 ZN,HYDROLASE,A0A1L1QK30
      1 ZN,HYDROLASE,A0A2N7KUA1
      2 ZN,HYDROLASE,A0A344X7M2
      1 ZN,HYDROLASE,A0A5Q5ADH9
      1 ZN,HYDROLASE,A0NFU8
      5 ZN,HYDROLASE,A0PQS3
      1 ZN,HYDROLASE,A0R291
      1 ZN,HYDROLASE,A1R3U3
      3 ZN,HYDROLASE,A2V759
      1 ZN,HYDROLASE,A4HRG8
      1 ZN,HYDROLASE,A6TBN1
      1 ZN,HYDROLASE,B0R9W3
      1 ZN,HYDROLASE,B0VA03
      1 ZN,HYDROLASE,B1Q4V2
      1 ZN,HYDROLASE,B2FTM1
      1 ZN,HYDROLASE,B4EXV8
      1 ZN,HYDROLASE,B5CE28
      1 ZN,HYDROLASE,B5DCA0
      1 ZN,HYDROLASE,B5KVR9
      1 ZN,HYDROLASE,B5L5V5
      1 ZN,HYDROLASE,B5QNF0
      1 ZN,HYDROLASE,C0HJB3
      1 ZN,HYDROLASE,C6A2N7
      1 ZN,HYDROLASE,C7C422
      2 ZN,HYDROLASE,E1R245
      2 ZN,HYDROLASE,E5KIY2
      1 ZN,HYDROLASE,F2Z284
      1 ZN,HYDROLASE,G5ELM3
      1 ZN,HYDROLASE,H2EMX8
      1 ZN,HYDROLASE,K4KM71
      1 ZN,HYDROLASE,K4PWX3
      1 ZN,HYDROLASE,K7SA42
      1 ZN,HYDROLASE,O08498
      1 ZN,HYDROLASE,O34598
      1 ZN,HYDROLASE,O52063
      1 ZN,HYDROLASE,O58727
      1 ZN,HYDROLASE,O60882
      2 ZN,HYDROLASE,O66990
      1 ZN,HYDROLASE,O93655
      1 ZN,HYDROLASE,P00634
      1 ZN,HYDROLASE,P00733
      1 ZN,HYDROLASE,P00800
      1 ZN,HYDROLASE,P04190
      1 ZN,HYDROLASE,P04825
      1 ZN,HYDROLASE,P04958
      1 ZN,HYDROLASE,P05187
      2 ZN,HYDROLASE,P07024
      6 ZN,HYDROLASE,P07711
      3 ZN,HYDROLASE,P08254
      1 ZN,HYDROLASE,P08473
      1 ZN,HYDROLASE,P09237
      1 ZN,HYDROLASE,P09598
      1 ZN,HYDROLASE,P09960
      1 ZN,HYDROLASE,P0A434
      1 ZN,HYDROLASE,P0A6C1
      1 ZN,HYDROLASE,P0A6K3
      1 ZN,HYDROLASE,P0A6T5
      1 ZN,HYDROLASE,P0C216
      1 ZN,HYDROLASE,P0C6X7
      1 ZN,HYDROLASE,P10507
      3 ZN,HYDROLASE,P13497
      1 ZN,HYDROLASE,P14488
      2 ZN,HYDROLASE,P15085
      1 ZN,HYDROLASE,P15145
      1 ZN,HYDROLASE,P21589
      1 ZN,HYDROLASE,P22894
      2 ZN,HYDROLASE,P24300
      2 ZN,HYDROLASE,P25524
      3 ZN,HYDROLASE,P25774
      2 ZN,HYDROLASE,P26214
      1 ZN,HYDROLASE,P29068
      1 ZN,HYDROLASE,P30793
      1 ZN,HYDROLASE,P30996
      1 ZN,HYDROLASE,P31828
      7 ZN,HYDROLASE,P32179
      1 ZN,HYDROLASE,P35559
      1 ZN,HYDROLASE,P39377
      6 ZN,HYDROLASE,P39900
      2 ZN,HYDROLASE,P42676
      1 ZN,HYDROLASE,P42892
      1 ZN,HYDROLASE,P44569
      2 ZN,HYDROLASE,P45452
      1 ZN,HYDROLASE,P45494
      1 ZN,HYDROLASE,P46076
      4 ZN,HYDROLASE,P48827
      2 ZN,HYDROLASE,P51512
      1 ZN,HYDROLASE,P52699
      1 ZN,HYDROLASE,P53184
      1 ZN,HYDROLASE,P68398
      1 ZN,HYDROLASE,P76524
      1 ZN,HYDROLASE,P80561
      1 ZN,HYDROLASE,P81054
      1 ZN,HYDROLASE,P81535
      1 ZN,HYDROLASE,P9WHN9
      1 ZN,HYDROLASE,P9WPH3
      1 ZN,HYDROLASE,Q01693
      2 ZN,HYDROLASE,Q02853
      1 ZN,HYDROLASE,Q06241
      1 ZN,HYDROLASE,Q07075
      1 ZN,HYDROLASE,Q0B6Q2
      1 ZN,HYDROLASE,Q0KFV0
      1 ZN,HYDROLASE,Q0TV31
      1 ZN,HYDROLASE,Q10740
      1 ZN,HYDROLASE,Q10905
      1 ZN,HYDROLASE,Q12178
      4 ZN,HYDROLASE,Q12567
      1 ZN,HYDROLASE,Q16775
      1 ZN,HYDROLASE,Q24451
      1 ZN,HYDROLASE,Q3JJN0
      1 ZN,HYDROLASE,Q3T905
      1 ZN,HYDROLASE,Q45087
      2 ZN,HYDROLASE,Q47112
      1 ZN,HYDROLASE,Q484B6
      1 ZN,HYDROLASE,Q4EFN5
      1 ZN,HYDROLASE,Q4FKC0
      1 ZN,HYDROLASE,Q58542
      1 ZN,HYDROLASE,Q5LLA5
      1 ZN,HYDROLASE,Q5LMH0
      1 ZN,HYDROLASE,Q5SH52
      5 ZN,HYDROLASE,Q5SHV7
      1 ZN,HYDROLASE,Q5SIP1
      1 ZN,HYDROLASE,Q5U807
      1 ZN,HYDROLASE,Q5ZRR6
      1 ZN,HYDROLASE,Q5ZZH8
      1 ZN,HYDROLASE,Q704V1
      1 ZN,HYDROLASE,Q79MP6
      6 ZN,HYDROLASE,Q7LYT7
      1 ZN,HYDROLASE,Q7WVY1
      1 ZN,HYDROLASE,Q81WF0
      1 ZN,HYDROLASE,Q84CU3
      2 ZN,HYDROLASE,Q89GW5
      4 ZN,HYDROLASE,Q8E378
      2 ZN,HYDROLASE,Q8G9Q0
      2 ZN,HYDROLASE,Q8GCY3
      1 ZN,HYDROLASE,Q8IJA9
      1 ZN,HYDROLASE,Q8LPL7
      1 ZN,HYDROLASE,Q8RQU7
      1 ZN,HYDROLASE,Q8ZPL9
      1 ZN,HYDROLASE,Q93J45
      1 ZN,HYDROLASE,Q949P2
      1 ZN,HYDROLASE,Q96YM2
      1 ZN,HYDROLASE,Q9A4T4
      1 ZN,HYDROLASE,Q9C9G4
      1 ZN,HYDROLASE,Q9I685
      3 ZN,HYDROLASE,Q9K2N0
      1 ZN,HYDROLASE,Q9K578
      1 ZN,HYDROLASE,Q9KL24
      1 ZN,HYDROLASE,Q9KWY4
      3 ZN,HYDROLASE,Q9L387
      1 ZN,HYDROLASE,Q9NZ08
      1 ZN,HYDROLASE,Q9RMI1
      2 ZN,HYDROLASE,Q9WYJ7
      1 ZN,HYDROLASE/HYDROLASE INHIBITOR,P08253
      1 ZN,HYDROLASE/HYDROLASE INHIBITOR,P08254
      1 ZN,HYDROLASE/HYDROLASE INHIBITOR,P45452
      2 ZN,HYDROLASE/HYDROLASE INHIBITOR,P95493
      1 ZN,HYDROLASE/HYDROLASE INHIBITOR,Q89GW5
      1 ZN,HYDROLASE/HYDROLASE INHIBITOR,Q98VG9
      2 ZN,HYDROLASE/IMMUNE SYSTEM,P61823
      4 ZN,HYDROLASE/INHIBITOR,P09955
      1 ZN,HYDROLASE/PROTEIN BINDING,P22288
      1 ZN,HYDROLASE/TRANSFERASE,O66990
      4 ZN,Heme Binding Protein,O69756
      1 ZN,Hydrolase/Hydrolase Inhibitor,3.5.1.88
      1 ZN,Hydrolase/Hydrolase Inhibitor,Q6P179
      1 ZN,Hydrolase/Isomerase/Calcium Binding,Q4WUR1
      2 ZN,IMMUNE SYSTEM,
      1 ZN,IMMUNE SYSTEM,"P01660
      1 ZN,IMMUNE SYSTEM,A0A1E1GJG5
      2 ZN,IMMUNE SYSTEM,A0A5C9LJ33
      1 ZN,IMMUNE SYSTEM,Factor H binding protein"
      2 ZN,IMMUNE SYSTEM,O14545
      2 ZN,IMMUNE SYSTEM,P01857
      1 ZN,IMMUNE SYSTEM,P02741
      1 ZN,IMMUNE SYSTEM,P06312
      1 ZN,IMMUNE SYSTEM,P06683
      1 ZN,IMMUNE SYSTEM,P0C0I6
      1 ZN,IMMUNE SYSTEM,P0DJY7
      3 ZN,IMMUNE SYSTEM,P0DOX5
      1 ZN,IMMUNE SYSTEM,P12018
      1 ZN,IMMUNE SYSTEM,P12314
      1 ZN,IMMUNE SYSTEM,P12993
      1 ZN,IMMUNE SYSTEM,P13747
      1 ZN,IMMUNE SYSTEM,P16473
      1 ZN,IMMUNE SYSTEM,P21589
      1 ZN,IMMUNE SYSTEM,P29508
      1 ZN,IMMUNE SYSTEM,P60568
      1 ZN,IMMUNE SYSTEM,Q15326
      2 ZN,IMMUNE SYSTEM,Q58EU8
      2 ZN,IMMUNE SYSTEM,Q5M842
      1 ZN,IMMUNE SYSTEM,Q65ZC0
      1 ZN,IMMUNE SYSTEM,Q7BAE3
      1 ZN,IMMUNE SYSTEM,Q8I1Y0
      4 ZN,IMMUNE SYSTEM,Q95NL6
      1 ZN,IMMUNE SYSTEM,Q9AGB1
      1 ZN,IMMUNE SYSTEM,Q9H5X1
      2 ZN,IMMUNE SYSTEM,Q9JKE2
      2 ZN,IMMUNE SYSTEM,Q9NHA8
      1 ZN,IMMUNE SYSTEM,Q9RQQ5
      1 ZN,IMMUNE SYSTEM,Q9UHP7
      1 ZN,IMMUNOGLOBULIN,P06312
      2 ZN,INHIBITOR,O76096
      1 ZN,ISOMERASE,A5YBL8
      1 ZN,ISOMERASE,B4RLV9
      2 ZN,ISOMERASE,P25081
      1 ZN,ISOMERASE,P32170
      1 ZN,ISOMERASE,P34948
      1 ZN,ISOMERASE,Q2SYG4
      1 ZN,ISOMERASE,Q2YKG6
      1 ZN,LEISHMANOLYSIN,P08148
      1 ZN,LIGAND BINDING PROTEIN,O30288
      1 ZN,LIGAND BINDING PROTEIN,P02766
      1 ZN,LIGASE,C7PJE6
      1 ZN,LIGASE,G3FIN0
      2 ZN,LIGASE,O57921
      1 ZN,LIGASE,P15042
      2 ZN,LIGASE,P56690
      1 ZN,LIGASE,Q2K340
      2 ZN,LIGASE,Q7SIE4
      2 ZN,LIGASE,Q8NW68
      8 ZN,LIGASE,Q9X0G6
      1 ZN,LIGASE,Q9YDW0
      1 ZN,LIGASE,Q9ZHI0
      1 ZN,LIGASE,V7II86
      1 ZN,LIGASE/ANTIBIOTIC,6.1.1.3
      1 ZN,LIM DOMAIN CONTAINING PROTEINS,Q05158
      2 ZN,LIPID BINDING PROTEIN,
      1 ZN,LIPID BINDING PROTEIN,D1MPT1
      1 ZN,LIPID BINDING PROTEIN,P07597
      1 ZN,LIPID BINDING PROTEIN,Q5SJQ7
      4 ZN,LIPOPROTEIN,P9WK65
      1 ZN,LUMINESCENT PROTEIN,P42212
      1 ZN,LYASE (OXO-ACID),P23589
      1 ZN,LYASE, class II"
      1 ZN,LYASE,4.1.1.3
      2 ZN,LYASE,4.1.2.13
      1 ZN,LYASE,A0A086SLX8
      1 ZN,LYASE,A0A0J9X279
      1 ZN,LYASE,A0A0M3KL20
      2 ZN,LYASE,A3MWV9
      1 ZN,LYASE,A4DA31
      1 ZN,LYASE,C4M5C6
      1 ZN,LYASE,D0IR47
      1 ZN,LYASE,F7VW42
      1 ZN,LYASE,O43570
      1 ZN,LYASE,O97447
      1 ZN,LYASE,P00915
      1 ZN,LYASE,P00918
      1 ZN,LYASE,P0AB71
      1 ZN,LYASE,P0AB74
      2 ZN,LYASE,P0ACB2
      1 ZN,LYASE,P17067
      1 ZN,LYASE,P53615
      1 ZN,LYASE,P56109
      1 ZN,LYASE,P77704
      3 ZN,LYASE,P9WPJ9
      1 ZN,LYASE,Q0QC76
      1 ZN,LYASE,Q16790
      1 ZN,LYASE,Q38BV6
      1 ZN,LYASE,Q3I4V7
      1 ZN,LYASE,Q43060
      2 ZN,LYASE,Q51669
      1 ZN,LYASE,Q54735
      1 ZN,LYASE,Q5AJ71
      1 ZN,LYASE,Q64444
      1 ZN,LYASE,Q71WW4
      1 ZN,LYASE,Q8ZRS0
      1 ZN,LYASE,Q9HVB9
      1 ZN,LYASE,Q9KCV1
      1 ZN,LYASE/LYASE INHIBITOR,Q96554
      4 ZN,MEMBRANE PROTEIN,
      2 ZN,MEMBRANE PROTEIN,F4JP36
      1 ZN,MEMBRANE PROTEIN,G2FID1
      2 ZN,MEMBRANE PROTEIN,G3MM57
      1 ZN,MEMBRANE PROTEIN,O28769
      1 ZN,MEMBRANE PROTEIN,P0CL67
      3 ZN,MEMBRANE PROTEIN,P17047
      4 ZN,MEMBRANE PROTEIN,P19491
      1 ZN,MEMBRANE PROTEIN,P32867
      1 ZN,MEMBRANE PROTEIN,P41181
      1 ZN,MEMBRANE PROTEIN,P48060
      1 ZN,MEMBRANE PROTEIN,P69776
      1 ZN,MEMBRANE PROTEIN,P76541
      1 ZN,MEMBRANE PROTEIN,P78423
      1 ZN,MEMBRANE PROTEIN,Q15465
      3 ZN,MEMBRANE PROTEIN,Q51227
      2 ZN,MEMBRANE PROTEIN,Q5HKE8
      1 ZN,MEMBRANE PROTEIN,Q63881
      1 ZN,MEMBRANE PROTEIN,Q64663
      1 ZN,MEMBRANE PROTEIN,Q8NRS3
      3 ZN,MEMBRANE PROTEIN,Q8ZPT3
      1 ZN,MEMBRANE PROTEIN,Q9JZN9
      1 ZN,MEMBRANE PROTEIN,S7AS11
      6 ZN,MEMBRANE PROTEIN,W1ELP7
      1 ZN,MEMBRANE PROTEIN/IMMUNE SYSTEM,Q86V24
      3 ZN,METAL BINDING PROTEIN,
      1 ZN,METAL BINDING PROTEIN, 3.4.11.10"
      4 ZN,METAL BINDING PROTEIN, Insulin gene enhancer protein ISL-1"
      3 ZN,METAL BINDING PROTEIN,A0A0H3LM39
      1 ZN,METAL BINDING PROTEIN,A0A0M3KL72
      1 ZN,METAL BINDING PROTEIN,A0A2D2CWX5
      1 ZN,METAL BINDING PROTEIN,A1B2F3
      2 ZN,METAL BINDING PROTEIN,A1B2F4
      1 ZN,METAL BINDING PROTEIN,A4VY63
      1 ZN,METAL BINDING PROTEIN,A8AF35
      3 ZN,METAL BINDING PROTEIN,B2ZCS6
      2 ZN,METAL BINDING PROTEIN,B7FR29
      1 ZN,METAL BINDING PROTEIN,E2AXC7
      1 ZN,METAL BINDING PROTEIN,G4TKU4
      1 ZN,METAL BINDING PROTEIN,J2EKT7
      1 ZN,METAL BINDING PROTEIN,O60232
      1 ZN,METAL BINDING PROTEIN,O60711
      3 ZN,METAL BINDING PROTEIN,O75800
      1 ZN,METAL BINDING PROTEIN,O75821
      2 ZN,METAL BINDING PROTEIN,O88878
      1 ZN,METAL BINDING PROTEIN,O94929
      1 ZN,METAL BINDING PROTEIN,O95696
      1 ZN,METAL BINDING PROTEIN,P02638
      1 ZN,METAL BINDING PROTEIN,P03126
      1 ZN,METAL BINDING PROTEIN,P04271
      1 ZN,METAL BINDING PROTEIN,P0A6Z6
      1 ZN,METAL BINDING PROTEIN,P0AB60
      1 ZN,METAL BINDING PROTEIN,P0ABE7
      1 ZN,METAL BINDING PROTEIN,P0C631
      2 ZN,METAL BINDING PROTEIN,P0DP29
      1 ZN,METAL BINDING PROTEIN,P15498
      1 ZN,METAL BINDING PROTEIN,P19909
      1 ZN,METAL BINDING PROTEIN,P22893
      1 ZN,METAL BINDING PROTEIN,P24627
      1 ZN,METAL BINDING PROTEIN,P30331
      3 ZN,METAL BINDING PROTEIN,P30569
      1 ZN,METAL BINDING PROTEIN,P32173
      1 ZN,METAL BINDING PROTEIN,P33187
      2 ZN,METAL BINDING PROTEIN,P38772
      1 ZN,METAL BINDING PROTEIN,P39081
      2 ZN,METAL BINDING PROTEIN,P46973
      1 ZN,METAL BINDING PROTEIN,P47224
      2 ZN,METAL BINDING PROTEIN,P48059
      3 ZN,METAL BINDING PROTEIN,P50461
      2 ZN,METAL BINDING PROTEIN,P50876
      2 ZN,METAL BINDING PROTEIN,P53899
      2 ZN,METAL BINDING PROTEIN,P63255
      1 ZN,METAL BINDING PROTEIN,P70475
      1 ZN,METAL BINDING PROTEIN,P73085
      3 ZN,METAL BINDING PROTEIN,P76344
      2 ZN,METAL BINDING PROTEIN,P76575
      1 ZN,METAL BINDING PROTEIN,P80171
      1 ZN,METAL BINDING PROTEIN,Q00403
      1 ZN,METAL BINDING PROTEIN,Q05158
      3 ZN,METAL BINDING PROTEIN,Q06455
      3 ZN,METAL BINDING PROTEIN,Q06835
      1 ZN,METAL BINDING PROTEIN,Q08326
      2 ZN,METAL BINDING PROTEIN,Q13263
      1 ZN,METAL BINDING PROTEIN,Q13490
      4 ZN,METAL BINDING PROTEIN,Q13642
      2 ZN,METAL BINDING PROTEIN,Q13643
      4 ZN,METAL BINDING PROTEIN,Q14192
      1 ZN,METAL BINDING PROTEIN,Q20595
      1 ZN,METAL BINDING PROTEIN,Q28PN4
      2 ZN,METAL BINDING PROTEIN,Q2U8Y3
      3 ZN,METAL BINDING PROTEIN,Q44582
      1 ZN,METAL BINDING PROTEIN,Q45588
      2 ZN,METAL BINDING PROTEIN,Q4QRE8
      2 ZN,METAL BINDING PROTEIN,Q54450
      1 ZN,METAL BINDING PROTEIN,Q58855
      2 ZN,METAL BINDING PROTEIN,Q5EBH1
      1 ZN,METAL BINDING PROTEIN,Q5SH22
      1 ZN,METAL BINDING PROTEIN,Q5SHJ4
      2 ZN,METAL BINDING PROTEIN,Q5T0T0
      2 ZN,METAL BINDING PROTEIN,Q6H8Q1
      2 ZN,METAL BINDING PROTEIN,Q6NNI8
      1 ZN,METAL BINDING PROTEIN,Q6SJB6
      3 ZN,METAL BINDING PROTEIN,Q6ZN18
      2 ZN,METAL BINDING PROTEIN,Q6ZSG1
      1 ZN,METAL BINDING PROTEIN,Q70LE5
      1 ZN,METAL BINDING PROTEIN,Q75NZ1
      1 ZN,METAL BINDING PROTEIN,Q79EF9
      1 ZN,METAL BINDING PROTEIN,Q7Z6E9
      1 ZN,METAL BINDING PROTEIN,Q8A0N7
      2 ZN,METAL BINDING PROTEIN,Q8BFR6
      2 ZN,METAL BINDING PROTEIN,Q8CDI2
      1 ZN,METAL BINDING PROTEIN,Q8CFC2
      1 ZN,METAL BINDING PROTEIN,Q8DQ08
      1 ZN,METAL BINDING PROTEIN,Q8DQ09
      1 ZN,METAL BINDING PROTEIN,Q8IW19
      1 ZN,METAL BINDING PROTEIN,Q8K0W9
      2 ZN,METAL BINDING PROTEIN,Q8NEG5
      2 ZN,METAL BINDING PROTEIN,Q8R3P2
      2 ZN,METAL BINDING PROTEIN,Q8TDZ2
      1 ZN,METAL BINDING PROTEIN,Q8U3S0
      1 ZN,METAL BINDING PROTEIN,Q8U3V1
      2 ZN,METAL BINDING PROTEIN,Q8WV99
      1 ZN,METAL BINDING PROTEIN,Q8WVD5
      2 ZN,METAL BINDING PROTEIN,Q8WYH8
      1 ZN,METAL BINDING PROTEIN,Q8WZ73
      2 ZN,METAL BINDING PROTEIN,Q91YL2
      1 ZN,METAL BINDING PROTEIN,Q96C24
      2 ZN,METAL BINDING PROTEIN,Q96EP0
      2 ZN,METAL BINDING PROTEIN,Q96HC4
      1 ZN,METAL BINDING PROTEIN,Q96ME7
      4 ZN,METAL BINDING PROTEIN,Q96PM5
      1 ZN,METAL BINDING PROTEIN,Q96T51
      1 ZN,METAL BINDING PROTEIN,Q96YV5
      2 ZN,METAL BINDING PROTEIN,Q99BV0
      1 ZN,METAL BINDING PROTEIN,Q99YU7
      1 ZN,METAL BINDING PROTEIN,Q9BQI0
      2 ZN,METAL BINDING PROTEIN,Q9BT23
      1 ZN,METAL BINDING PROTEIN,Q9BTP6
      2 ZN,METAL BINDING PROTEIN,Q9CDU5
      8 ZN,METAL BINDING PROTEIN,Q9CR50
      2 ZN,METAL BINDING PROTEIN,Q9DAZ9
      1 ZN,METAL BINDING PROTEIN,Q9H0W7
      1 ZN,METAL BINDING PROTEIN,Q9H0W9
      2 ZN,METAL BINDING PROTEIN,Q9H8U3
      2 ZN,METAL BINDING PROTEIN,Q9HCM9
      2 ZN,METAL BINDING PROTEIN,Q9NTX7
      1 ZN,METAL BINDING PROTEIN,Q9NVV9
      1 ZN,METAL BINDING PROTEIN,Q9NWV4
      2 ZN,METAL BINDING PROTEIN,Q9P243
      2 ZN,METAL BINDING PROTEIN,Q9SJM6
      3 ZN,METAL BINDING PROTEIN,Q9UBF6
      4 ZN,METAL BINDING PROTEIN,Q9UGI8
      2 ZN,METAL BINDING PROTEIN,Q9UHR6
      2 ZN,METAL BINDING PROTEIN,Q9UJV3
      2 ZN,METAL BINDING PROTEIN,Q9ULJ3
      2 ZN,METAL BINDING PROTEIN,Q9UPV7
      1 ZN,METAL BINDING PROTEIN,Q9WMX2
      1 ZN,METAL BINDING PROTEIN,Q9WZ29
      1 ZN,METAL BINDING PROTEIN,Q9WZ49
      2 ZN,METAL BINDING PROTEIN,Q9Y4K3
      2 ZN,METAL BINDING PROTEIN,T1YBT4
      1 ZN,METAL BINDING PROTEIN/PROTEIN TRANSPORT,P38862
      1 ZN,METAL BINDING,Q8P6F4
      1 ZN,METAL TRANSPORT,A0A1E7PHN7
      1 ZN,METAL TRANSPORT,O29901
      1 ZN,METAL TRANSPORT,O64474
      6 ZN,METAL TRANSPORT,P05067
      2 ZN,METAL TRANSPORT,P0C6C8
      2 ZN,METAL TRANSPORT,P39172
      1 ZN,METAL TRANSPORT,Q0P8Q4
      1 ZN,METAL TRANSPORT,Q0PBI7
      1 ZN,METAL TRANSPORT,Q1LCD7
      1 ZN,METAL TRANSPORT,Q56952
      1 ZN,METAL TRANSPORT,Q99XV3
      1 ZN,METAL TRANSPORT,Q9D7P6
      1 ZN,METAL TRANSPORT,Q9UJ78
      3 ZN,METAL-BINDING,Q9UGI8
      2 ZN,METALLOCARBOXYPEPTIDASE,P06621
      1 ZN,METALLOPROTEASE,P03956
      1 ZN,METALLOPROTEASE,P12821
      1 ZN,METALLOTHIONEIN,P04355
      1 ZN,MOTILITY,Q7YXJ9
      1 ZN,MOTOR PROTEIN,Q5SLC9
      1 ZN,Metal-binding protein/nuclear Protein,Q9H0M4
      1 ZN,NUCLEAR PROTEIN,B9T8Q5
      2 ZN,NUCLEAR PROTEIN,O75151
      1 ZN,NUCLEAR PROTEIN,P09234
      1 ZN,NUCLEAR PROTEIN,P13699
      3 ZN,NUCLEAR PROTEIN,P32505
      2 ZN,NUCLEAR PROTEIN,Q10103
      1 ZN,NUCLEAR PROTEIN,Q9Y6X9
      3 ZN,NUCLEAR PROTEIN/METAL BINDING PROTEIN,O95863
      2 ZN,NUCLEOCAPSID PROTEIN,P69732
      1 ZN,ONCOPROTEIN,P06788
      3 ZN,ONCOPROTEIN,P25791
      1 ZN,ONCOPROTEIN,P26554
      3 ZN,ONCOPROTEIN,P29590
      2 ZN,OXIDOREDUCTASE (CH-OH(D)-NAD(A)),P26325
      4 ZN,OXIDOREDUCTASE,
      1 ZN,OXIDOREDUCTASE, 1.14.11.-"
      2 ZN,OXIDOREDUCTASE,"1.14.11.-
      7 ZN,OXIDOREDUCTASE,1.1.1.1
      1 ZN,OXIDOREDUCTASE,1.1.1.4
      3 ZN,OXIDOREDUCTASE,1.15.1.1
      2 ZN,OXIDOREDUCTASE,A0A024L8S1
      2 ZN,OXIDOREDUCTASE,A0A067YF90
      2 ZN,OXIDOREDUCTASE,A0A077EGR8
      2 ZN,OXIDOREDUCTASE,A0A0F6SD02
      2 ZN,OXIDOREDUCTASE,A0A0M3U1T9
      2 ZN,OXIDOREDUCTASE,A0A1C7D193
      1 ZN,OXIDOREDUCTASE,A0A1C7D195
      2 ZN,OXIDOREDUCTASE,A0A1E3MC83
      1 ZN,OXIDOREDUCTASE,A0A3B6UEU3
      1 ZN,OXIDOREDUCTASE,A0ZPR9
      1 ZN,OXIDOREDUCTASE,A1X808
      1 ZN,OXIDOREDUCTASE,A2QS62
      1 ZN,OXIDOREDUCTASE,A3MTM6
      1 ZN,OXIDOREDUCTASE,B2ZB02
      2 ZN,OXIDOREDUCTASE,B2ZRE3
      1 ZN,OXIDOREDUCTASE,C4R0S8
      1 ZN,OXIDOREDUCTASE,C5XC49
      1 ZN,OXIDOREDUCTASE,D0ITF8
      2 ZN,OXIDOREDUCTASE,D2Y3F4
      1 ZN,OXIDOREDUCTASE,J7JYU1
      1 ZN,OXIDOREDUCTASE,M4VRJ6
      2 ZN,OXIDOREDUCTASE,M5A8V4
      1 ZN,OXIDOREDUCTASE,O13702
      1 ZN,OXIDOREDUCTASE,O31851
      1 ZN,OXIDOREDUCTASE,O42703
      2 ZN,OXIDOREDUCTASE,O49482
      1 ZN,OXIDOREDUCTASE,O75164
      2 ZN,OXIDOREDUCTASE,O96496
      2 ZN,OXIDOREDUCTASE,P00327
      1 ZN,OXIDOREDUCTASE,P00330
      1 ZN,OXIDOREDUCTASE,P00338
      2 ZN,OXIDOREDUCTASE,P00441
      1 ZN,OXIDOREDUCTASE,P00445
      1 ZN,OXIDOREDUCTASE,P06525
      1 ZN,OXIDOREDUCTASE,P07327
      1 ZN,OXIDOREDUCTASE,P08294
      2 ZN,OXIDOREDUCTASE,P0A9S3
      1 ZN,OXIDOREDUCTASE,P0A9S5
      1 ZN,OXIDOREDUCTASE,P25984
      1 ZN,OXIDOREDUCTASE,P32816
      2 ZN,OXIDOREDUCTASE,P35630
      2 ZN,OXIDOREDUCTASE,P39462
      4 ZN,OXIDOREDUCTASE,P40394
      1 ZN,OXIDOREDUCTASE,P41229
      2 ZN,OXIDOREDUCTASE,P42327
      2 ZN,OXIDOREDUCTASE,P42328
      2 ZN,OXIDOREDUCTASE,P46154
      1 ZN,OXIDOREDUCTASE,P75691
      1 ZN,OXIDOREDUCTASE,P77280
      2 ZN,OXIDOREDUCTASE,Q04894
      1 ZN,OXIDOREDUCTASE,Q41931
      1 ZN,OXIDOREDUCTASE,Q46UZ9
      2 ZN,OXIDOREDUCTASE,Q52078
      1 ZN,OXIDOREDUCTASE,Q58122
      1 ZN,OXIDOREDUCTASE,Q59096
      2 ZN,OXIDOREDUCTASE,Q5SKS4
      1 ZN,OXIDOREDUCTASE,Q6B0I6
      2 ZN,OXIDOREDUCTASE,Q7SI09
      2 ZN,OXIDOREDUCTASE,Q8GIX7
      1 ZN,OXIDOREDUCTASE,Q8KLT9
      3 ZN,OXIDOREDUCTASE,Q8WRF5
      1 ZN,OXIDOREDUCTASE,Q93RE9
      1 ZN,OXIDOREDUCTASE,Q94G59
      2 ZN,OXIDOREDUCTASE,Q97YM2
      1 ZN,OXIDOREDUCTASE,Q9H3R0
      1 ZN,OXIDOREDUCTASE,Q9HTD9
      7 ZN,OXIDOREDUCTASE,Q9UVQ2
      1 ZN,OXIDOREDUCTASE,Q9WZ12
      3 ZN,OXIDOREDUCTASE,Q9Y9P9
      1 ZN,OXIDOREDUCTASE/OXIDOREDUCTASE INHIBITOR, 1.1.1.-
      2 ZN,OXIDOREDUCTASE/OXIDOREDUCTASE INHIBITOR,P29375
      1 ZN,OXYGEN STORAGE/TRANSPORT,P80592
      2 ZN,OXYGEN STORAGE/Transport,A0A0M3KKY1
      1 ZN,OXYGEN TRANSPORT,P02185
      1 ZN,PEPTIDE BINDING PROTEIN,G0S1N3
      5 ZN,PEPTIDE BINDING PROTEIN,P55197
      1 ZN,PEPTIDE BINDING PROTEIN,P71590
      1 ZN,PEPTIDE BINDING PROTEIN,Q07820
      2 ZN,PEPTIDE BINDING PROTEIN,Q13342
      3 ZN,PEPTIDE BINDING PROTEIN,Q47QT5
      4 ZN,PEPTIDE BINDING PROTEIN,Q51643
      4 ZN,PEPTIDE BINDING PROTEIN,Q92784
      2 ZN,PEPTIDE BINDING PROTEIN/PEPTIDE,P77348
      2 ZN,PEPTIDOGLYCAN SYNTHESIS,Q8DR59
      2 ZN,PERIPLASMIC BINDING PROTEIN,P39265
      1 ZN,PHOSPHOTRANSFERASE,P69783
      1 ZN,PHOSPHOTRIESTERASE,P45548
      3 ZN,PHOTOSYNTHESIS,F2Z292
      1 ZN,PHOTOSYNTHESIS,P0C0Y7
      1 ZN,PHOTOSYNTHESIS,P12302
      1 ZN,PHOTOSYNTHESIS,P73048
      2 ZN,PHOTOSYNTHESIS,Q8DH84
      2 ZN,PHOTOSYSTEM II,P12301
      1 ZN,POLYSACCHARIDE-BINDING PROTEIN,Q0R411
      3 ZN,PROTEIN BINDING,
      2 ZN,PROTEIN BINDING,A0A1V3WIE5
      2 ZN,PROTEIN BINDING,D1CIZ5
      2 ZN,PROTEIN BINDING,G0S0B4
      1 ZN,PROTEIN BINDING,M4STU1
      1 ZN,PROTEIN BINDING,O29280
      1 ZN,PROTEIN BINDING,O89053
      1 ZN,PROTEIN BINDING,O95639
      4 ZN,PROTEIN BINDING,P01009
      1 ZN,PROTEIN BINDING,P04275
      1 ZN,PROTEIN BINDING,P04608
      2 ZN,PROTEIN BINDING,P0DQD2
      1 ZN,PROTEIN BINDING,P13689
      1 ZN,PROTEIN BINDING,P19508
      2 ZN,PROTEIN BINDING,P21784
      1 ZN,PROTEIN BINDING,P38507
      1 ZN,PROTEIN BINDING,P46680
      1 ZN,PROTEIN BINDING,P70662
      2 ZN,PROTEIN BINDING,Q14192
      2 ZN,PROTEIN BINDING,Q15649
      1 ZN,PROTEIN BINDING,Q51912
      1 ZN,PROTEIN BINDING,Q53ET0
      2 ZN,PROTEIN BINDING,Q5TD97
      2 ZN,PROTEIN BINDING,Q7Z6E9
      2 ZN,PROTEIN BINDING,Q86VP1
      2 ZN,PROTEIN BINDING,Q86YI8
      4 ZN,PROTEIN BINDING,Q8TB52
      1 ZN,PROTEIN BINDING,Q92785
      1 ZN,PROTEIN BINDING,Q92793
      1 ZN,PROTEIN BINDING,Q96CV9
      3 ZN,PROTEIN BINDING,Q9BZY9
      1 ZN,PROTEIN BINDING,Q9CQV6
      1 ZN,PROTEIN BINDING,Q9DEA6
      1 ZN,PROTEIN BINDING,Q9ES54
      2 ZN,PROTEIN BINDING,Q9HCM9
      1 ZN,PROTEIN BINDING,Q9NUX5
      1 ZN,PROTEIN BINDING,Q9UJ41
      2 ZN,PROTEIN BINDING,Q9Y225
      2 ZN,PROTEIN BINDING,Q9Y3A3
      1 ZN,PROTEIN BINDING,Q9Y6K9
      1 ZN,PROTEIN BINDING,Q9ZVD0
      1 ZN,PROTEIN BINDING/METAL BINDING PROTEIN,P21580
      1 ZN,PROTEIN BINDING/METAL BINDING PROTEIN,Q6NZ36
      2 ZN,PROTEIN BINDING/VIRAL PROTEIN,P11207
     14 ZN,PROTEIN TRANSPORT,
      1 ZN,PROTEIN TRANSPORT,A0A3Q0L2V2
      1 ZN,PROTEIN TRANSPORT,O95166
      1 ZN,PROTEIN TRANSPORT,O95487
      1 ZN,PROTEIN TRANSPORT,P09986
      1 ZN,PROTEIN TRANSPORT,P40727
      1 ZN,PROTEIN TRANSPORT,P53992
      2 ZN,PROTEIN TRANSPORT,P61316
      1 ZN,PROTEIN TRANSPORT,Q06696
      1 ZN,PROTEIN TRANSPORT,Q15075
      1 ZN,PROTEIN TRANSPORT,Q15436
      2 ZN,PROTEIN TRANSPORT,Q186K7
      1 ZN,PROTEIN TRANSPORT,Q5CRY1
      1 ZN,PROTEIN TRANSPORT,Q5ZYB7
      1 ZN,PROTEIN TRANSPORT,Q8IYB5
      1 ZN,PROTEIN TRANSPORT,Q96T51
      1 ZN,PROTEIN TRANSPORT,Q9BI08
      1 ZN,PROTEIN TRANSPORT/ENDOCYTOSIS,
      1 ZN,RECEPTOR,Q0P9X8
      1 ZN,RECOMBINATION,Q5SHY0
      1 ZN,RECOMBINATION,Q74ZQ8
      1 ZN,RECOMBINATION,Q8RDI4
      1 ZN,RECOMBINATION,Q9ZNA2
      1 ZN,REPLICATION,O27798
      1 ZN,REPLICATION,P06567
      1 ZN,REPLICATION,Q54324
      1 ZN,REPLICATION,Q5EAW4
      2 ZN,REPLICATION,Q8DT97
      1 ZN,REPLICATION,Q9HK10
      1 ZN,RIBOSOMAL PROTEIN,
      1 ZN,RIBOSOMAL PROTEIN,Q9HJ78
      1 ZN,RIBOSOME,
      1 ZN,RIBOSOME,P80256
      1 ZN,RIBOSOME,Q8BW10
      3 ZN,RNA BINDING PROTEIN,
      1 ZN,RNA BINDING PROTEIN,A0A0S4TJL4
      1 ZN,RNA BINDING PROTEIN,A1RZU2
      1 ZN,RNA BINDING PROTEIN,A9CK16
      1 ZN,RNA BINDING PROTEIN,H9CZL7
      1 ZN,RNA BINDING PROTEIN,O42978
      1 ZN,RNA BINDING PROTEIN,O43809
      2 ZN,RNA BINDING PROTEIN,O58038
      1 ZN,RNA BINDING PROTEIN,P02417
      1 ZN,RNA BINDING PROTEIN,P26368
      4 ZN,RNA BINDING PROTEIN,P32505
      1 ZN,RNA BINDING PROTEIN,P52756
      1 ZN,RNA BINDING PROTEIN,P81303
      1 ZN,RNA BINDING PROTEIN,P98175
      1 ZN,RNA BINDING PROTEIN,Q12339
      5 ZN,RNA BINDING PROTEIN,Q12476
      2 ZN,RNA BINDING PROTEIN,Q4VGL6
      1 ZN,RNA BINDING PROTEIN,Q8AVN9
      1 ZN,RNA BINDING PROTEIN,Q8IWR0
      1 ZN,RNA BINDING PROTEIN,Q8WTR7
      1 ZN,RNA BINDING PROTEIN,Q96AE4
      2 ZN,RNA BINDING PROTEIN,Q9HUM0
      1 ZN,RNA BINDING PROTEIN,Q9UUI1
      1 ZN,RNA BINDING PROTEIN,Q9XUB2
      1 ZN,Recombination/DNA binding,Q7ZV09
      1 ZN,SERINE PROTEASE,P48052
      5 ZN,SIGNALING PROTEIN,
      1 ZN,SIGNALING PROTEIN,A0A0M3KL17
      1 ZN,SIGNALING PROTEIN,A4TVL0
      1 ZN,SIGNALING PROTEIN,M4STU1
      2 ZN,SIGNALING PROTEIN,O14907
      1 ZN,SIGNALING PROTEIN,O34667
      1 ZN,SIGNALING PROTEIN,O35254
      1 ZN,SIGNALING PROTEIN,O43323
      1 ZN,SIGNALING PROTEIN,O43813
      1 ZN,SIGNALING PROTEIN,O60462
      2 ZN,SIGNALING PROTEIN,O95267
      1 ZN,SIGNALING PROTEIN,P02699
      1 ZN,SIGNALING PROTEIN,P04278
      1 ZN,SIGNALING PROTEIN,P06703
      1 ZN,SIGNALING PROTEIN,P0AE85
      2 ZN,SIGNALING PROTEIN,P0CG47
      1 ZN,SIGNALING PROTEIN,P12755
      1 ZN,SIGNALING PROTEIN,P12757
      2 ZN,SIGNALING PROTEIN,P15882
      1 ZN,SIGNALING PROTEIN,P27870
      1 ZN,SIGNALING PROTEIN,P28026
      1 ZN,SIGNALING PROTEIN,P40748
      1 ZN,SIGNALING PROTEIN,P44007
      2 ZN,SIGNALING PROTEIN,P48059
      1 ZN,SIGNALING PROTEIN,P52757
      3 ZN,SIGNALING PROTEIN,Q12933
      1 ZN,SIGNALING PROTEIN,Q13422
      1 ZN,SIGNALING PROTEIN,Q13489
      1 ZN,SIGNALING PROTEIN,Q13501
      2 ZN,SIGNALING PROTEIN,Q14134
      4 ZN,SIGNALING PROTEIN,Q15109
      1 ZN,SIGNALING PROTEIN,Q15465
      2 ZN,SIGNALING PROTEIN,Q64288
      1 ZN,SIGNALING PROTEIN,Q8L3E1
      1 ZN,SIGNALING PROTEIN,Q8TCG1
      2 ZN,SIGNALING PROTEIN,Q91V27
      2 ZN,SIGNALING PROTEIN,Q96C24
      1 ZN,SIGNALING PROTEIN,Q96QV1
      1 ZN,SIGNALING PROTEIN,Q96SW2
      1 ZN,SIGNALING PROTEIN,Q970L2
      3 ZN,SIGNALING PROTEIN,Q98SW5
      4 ZN,SIGNALING PROTEIN,Q9BUZ4
      1 ZN,SIGNALING PROTEIN,Q9GZZ9
      2 ZN,SIGNALING PROTEIN,Q9JIL4
      1 ZN,SIGNALING PROTEIN,Q9S5W7
      1 ZN,SIGNALING PROTEIN,Q9UGI0
      5 ZN,SIGNALING PROTEIN,Q9Y4K3
      1 ZN,SIGNALING PROTEIN,Rubredoxin
      1 ZN,SIGNALING PROTEIN/APOPTOSIS,P98170
      1 ZN,SIGNALING PROTEIN/METAL BINDING PROTEIN,Q9WUB0
      1 ZN,SIGNALING PROTEIN/SIGNALING PROTEIN,Q7Z4I7
      1 ZN,SPLICING,P19736
      1 ZN,SPLICING,P25337
      2 ZN,SPLICING,Q09176
      1 ZN,SPLICING,Q12046
      1 ZN,SPLICING,Q6IEG0
      3 ZN,SPLICING,Q7RTV0
      1 ZN,STRUCTURAL GENOMICS,P76344
      1 ZN,STRUCTURAL GENOMICS,Q6N568
      1 ZN,STRUCTURAL PROTEIN,
      1 ZN,STRUCTURAL PROTEIN,A0A164TZ51
      2 ZN,STRUCTURAL PROTEIN,O00151
      1 ZN,STRUCTURAL PROTEIN,P20849
      2 ZN,STRUCTURAL PROTEIN,P48059
      2 ZN,STRUCTURAL PROTEIN,Q13642
      2 ZN,STRUCTURAL PROTEIN,Q13643
      1 ZN,STRUCTURAL PROTEIN,Q45996
      2 ZN,STRUCTURAL PROTEIN,Q8T5C2
      3 ZN,STRUCTURAL PROTEIN,Q8W4L5
      1 ZN,STRUCTURAL PROTEIN,Q9DQX7
      2 ZN,STRUCTURAL PROTEIN,Q9UHB6
      1 ZN,SUGAR BINDING PROTEIN,
      1 ZN,SUGAR BINDING PROTEIN,A0A3B6UEU4
      7 ZN,SUGAR BINDING PROTEIN,A0QT50
      1 ZN,SUGAR BINDING PROTEIN,A7V4Y5
      2 ZN,SUGAR BINDING PROTEIN,A8W790
      2 ZN,SUGAR BINDING PROTEIN,L0E2M2
      1 ZN,SUGAR BINDING PROTEIN,O00182
      1 ZN,SUGAR BINDING PROTEIN,O00214
      3 ZN,SUGAR BINDING PROTEIN,P16108
      3 ZN,SUGAR BINDING PROTEIN,Q5KU26
      3 ZN,SUGAR BINDING PROTEIN,Q5LHN1
      1 ZN,SUGAR BINDING PROTEIN,Q8L5H4
      2 ZN,SUGAR BINDING PROTEIN/ANTIBIOTIC,
      1 ZN,SURFACE ACTIVE PROTEIN,P52754
      1 ZN,Signaling Protein/Signaling Protein,P0AFX7
      1 ZN,TERNARY COMPLEX (ZYMOGEN),P00730
      1 ZN,TOXIN,A5H7H0
      2 ZN,TOXIN,B8QGZ7
      1 ZN,TOXIN,O25552
      1 ZN,TOXIN,P0A0M0
      1 ZN,TOXIN,P0DJY7
      1 ZN,TOXIN,P19321
      1 ZN,TOXIN,P34071
      1 ZN,TOXIN,P69179
      1 ZN,TOXIN,P83512
      2 ZN,TOXIN,Q1I8U1
      1 ZN,TOXIN,Q7T1K6
      1 ZN,TOXIN,Q837X5
      1 ZN,TOXIN,Q8AVA3
      2 ZN,TOXIN,Q90249
      1 ZN,TOXIN,Q93CC5
      1 ZN,TOXIN,Q9DGB9
      2 ZN,TOXIN,Q9LCB8
      1 ZN,TOXIN/IMMUNE SYSTEM,P01552
      2 ZN,TRANSCRIPTION / STRUCTURAL PROTEIN,Q9BVI0
      1 ZN,TRANSCRIPTION ACTIVATOR,P0ABY7
      1 ZN,TRANSCRIPTION FACTOR,P19793
      1 ZN,TRANSCRIPTION REGULATION,O31466
      1 ZN,TRANSCRIPTION REGULATION,P07248
      1 ZN,TRANSCRIPTION REGULATION,P08153
      1 ZN,TRANSCRIPTION REGULATION,P0CS82
      1 ZN,TRANSCRIPTION REGULATION,P23193
      1 ZN,TRANSCRIPTION REGULATION,P25502
      2 ZN,TRANSCRIPTION REGULATION,P29590
      2 ZN,TRANSCRIPTION REGULATOR,
      2 ZN,TRANSCRIPTION REGULATOR,P06533
      1 ZN,TRANSCRIPTION REGULATOR,Q15326
      1 ZN,TRANSCRIPTION REGULATOR,Q96ZY1
      1 ZN,TRANSCRIPTION REGULATOR,Q9V2W6
     17 ZN,TRANSCRIPTION,
      5 ZN,TRANSCRIPTION, Peregrin"
      2 ZN,TRANSCRIPTION, and zinc finger-containing protein 1"
      2 ZN,TRANSCRIPTION,"P61969
      1 ZN,TRANSCRIPTION,A0A0H2USX5
      2 ZN,TRANSCRIPTION,B6VGX5
      1 ZN,TRANSCRIPTION,Bromodomain-containing protein 1"
      1 ZN,TRANSCRIPTION,D5KM69
      1 ZN,TRANSCRIPTION,O00488
      1 ZN,TRANSCRIPTION,O13881
      2 ZN,TRANSCRIPTION,O15016
      2 ZN,TRANSCRIPTION,O25671
      4 ZN,TRANSCRIPTION,O43189
      1 ZN,TRANSCRIPTION,O43298
      3 ZN,TRANSCRIPTION,O43918
      2 ZN,TRANSCRIPTION,O60284
      1 ZN,TRANSCRIPTION,O60481
      2 ZN,TRANSCRIPTION,O73557
      1 ZN,TRANSCRIPTION,O75398
      1 ZN,TRANSCRIPTION,O84957
      1 ZN,TRANSCRIPTION,O85142
      1 ZN,TRANSCRIPTION,O95218
      1 ZN,TRANSCRIPTION,O96006
      3 ZN,TRANSCRIPTION,P03001
      1 ZN,TRANSCRIPTION,P04637
      2 ZN,TRANSCRIPTION,P08047
      1 ZN,TRANSCRIPTION,P0ABS1
      2 ZN,TRANSCRIPTION,P0ACS5
      2 ZN,TRANSCRIPTION,P10589
      2 ZN,TRANSCRIPTION,P17041
      1 ZN,TRANSCRIPTION,P17429
      1 ZN,TRANSCRIPTION,P19544
      2 ZN,TRANSCRIPTION,P23023
      2 ZN,TRANSCRIPTION,P23497
      2 ZN,TRANSCRIPTION,P23890
      2 ZN,TRANSCRIPTION,P25916
      1 ZN,TRANSCRIPTION,P35269
      2 ZN,TRANSCRIPTION,P36124
      1 ZN,TRANSCRIPTION,P37553
      2 ZN,TRANSCRIPTION,P41182
      1 ZN,TRANSCRIPTION,P43694
      3 ZN,TRANSCRIPTION,P45481
      2 ZN,TRANSCRIPTION,P49711
      1 ZN,TRANSCRIPTION,P50456
      1 ZN,TRANSCRIPTION,P63272
      2 ZN,TRANSCRIPTION,P78317
      2 ZN,TRANSCRIPTION,Q01101
      2 ZN,TRANSCRIPTION,Q02395
      1 ZN,TRANSCRIPTION,Q03067
      2 ZN,TRANSCRIPTION,Q03164
      2 ZN,TRANSCRIPTION,Q03181
      2 ZN,TRANSCRIPTION,Q04I02
      2 ZN,TRANSCRIPTION,Q07428
      3 ZN,TRANSCRIPTION,Q09472
      3 ZN,TRANSCRIPTION,Q13105
      1 ZN,TRANSCRIPTION,Q13118
      3 ZN,TRANSCRIPTION,Q13263
      2 ZN,TRANSCRIPTION,Q13342
      3 ZN,TRANSCRIPTION,Q13887
      2 ZN,TRANSCRIPTION,Q13888
     11 ZN,TRANSCRIPTION,Q14587
      1 ZN,TRANSCRIPTION,Q14CW9
      3 ZN,TRANSCRIPTION,Q1H9T6
      1 ZN,TRANSCRIPTION,Q20646
      3 ZN,TRANSCRIPTION,Q2FZ56
      1 ZN,TRANSCRIPTION,Q2HR75
      1 ZN,TRANSCRIPTION,Q43965
      1 ZN,TRANSCRIPTION,Q57839
      2 ZN,TRANSCRIPTION,Q5CCK4
      2 ZN,TRANSCRIPTION,Q5HZG4
      3 ZN,TRANSCRIPTION,Q5JVG2
      1 ZN,TRANSCRIPTION,Q5SXI5
      2 ZN,TRANSCRIPTION,Q5VZF2
      2 ZN,TRANSCRIPTION,Q63HK5
      1 ZN,TRANSCRIPTION,Q6CK86
      1 ZN,TRANSCRIPTION,Q700D2
      1 ZN,TRANSCRIPTION,Q7TS63
      1 ZN,TRANSCRIPTION,Q86U86
      3 ZN,TRANSCRIPTION,Q8IWS0
      1 ZN,TRANSCRIPTION,Q8IY57
      1 ZN,TRANSCRIPTION,Q8N5A5
      7 ZN,TRANSCRIPTION,Q8NHY6
      1 ZN,TRANSCRIPTION,Q8TF39
      1 ZN,TRANSCRIPTION,Q8UGY0
      3 ZN,TRANSCRIPTION,Q8WTR7
      2 ZN,TRANSCRIPTION,Q8WUH1
      1 ZN,TRANSCRIPTION,Q8YAF1
      1 ZN,TRANSCRIPTION,Q960Q9
      1 ZN,TRANSCRIPTION,Q969R5
      2 ZN,TRANSCRIPTION,Q96BD5
      1 ZN,TRANSCRIPTION,Q96EK4
      2 ZN,TRANSCRIPTION,Q97WF3
      2 ZN,TRANSCRIPTION,Q9FFF5
      1 ZN,TRANSCRIPTION,Q9H4T2
      2 ZN,TRANSCRIPTION,Q9H6I2
      1 ZN,TRANSCRIPTION,Q9H9Z2
      2 ZN,TRANSCRIPTION,Q9HYQ4
      1 ZN,TRANSCRIPTION,Q9JJN2
      2 ZN,TRANSCRIPTION,Q9JKD9
      2 ZN,TRANSCRIPTION,Q9L2H5
      2 ZN,TRANSCRIPTION,Q9M2B4
      1 ZN,TRANSCRIPTION,Q9NPI1
      1 ZN,TRANSCRIPTION,Q9NQV5
      5 ZN,TRANSCRIPTION,Q9NZL3
      9 ZN,TRANSCRIPTION,Q9P243
      1 ZN,TRANSCRIPTION,Q9RFN3
      1 ZN,TRANSCRIPTION,Q9SI37
      1 ZN,TRANSCRIPTION,Q9SU24
      1 ZN,TRANSCRIPTION,Q9U405
      2 ZN,TRANSCRIPTION,Q9UHD1
      2 ZN,TRANSCRIPTION,Q9UIF8
      1 ZN,TRANSCRIPTION,Q9UIF9
      2 ZN,TRANSCRIPTION,Q9UIG0
      1 ZN,TRANSCRIPTION,Q9UIH9
      1 ZN,TRANSCRIPTION,Q9UKN5
      2 ZN,TRANSCRIPTION,Q9UPT8
      1 ZN,TRANSCRIPTION,Q9V9W8
      2 ZN,TRANSCRIPTION,Q9VPQ6
      1 ZN,TRANSCRIPTION,Q9WXS0
      4 ZN,TRANSCRIPTION,Q9Y2L8
      2 ZN,TRANSCRIPTION/METAL BINDING PROTEIN,Q8WV44
      1 ZN,TRANSCRIPTION/PROTEIN BINDING,O43918
      1 ZN,TRANSCRIPTION/Protein Binding,O15164
      3 ZN,TRANSCRIPTION/TRANSCRIPTION ACTIVATOR,P45481
      1 ZN,TRANSFERASE,B0SN40
      1 ZN,TRANSFERASE,O66496
      1 ZN,TRANSFERASE,P00568
      1 ZN,TRANSFERASE,P16688
      1 ZN,TRANSFERASE,P56060
      2 ZN,TRANSFERASE,Q2M2I8
      1 ZN,TRANSFERASE,Q47506
      1 ZN,TRANSFERASE,Q5CZ29
      2 ZN,TRANSFERASE,Q5NI77
      1 ZN,TRANSFERASE,Q5SHV8
      1 ZN,TRANSFERASE,Q8F3Q1
      1 ZN,TRANSFERASE,Q8WS26
      2 ZN,TRANSFERASE,Q8ZXN7
      4 ZN,TRANSFERASE/TRANSFERASE inhibitor,2.7.11.11
      2 ZN,TRANSLATION REGULATOR,Q9BZB8
      1 ZN,TRANSLATION,A0A1C7D1B6
      1 ZN,TRANSLATION,D3JCX0
      1 ZN,TRANSLATION,O27797
      2 ZN,TRANSLATION,O43583
      1 ZN,TRANSLATION,O61955
      1 ZN,TRANSLATION,P05198
      1 ZN,TRANSLATION,P10081
      1 ZN,TRANSLATION,P12962
      1 ZN,TRANSLATION,P55010
      1 ZN,TRANSLATION,Q57562
      1 ZN,TRANSLATION,Q8U3I5
      1 ZN,TRANSLATION,Q97VU8
      1 ZN,TRANSLATION,Q97W59
      1 ZN,TRANSLATION,Q980V5
      2 ZN,TRANSLATION,Q9H1B7
      1 ZN,TRANSLATION,Q9UKA9
      1 ZN,TRANSLATION/REGULATION PROTEIN,P41772
     11 ZN,TRANSPORT PROTEIN,
      1 ZN,TRANSPORT PROTEIN,"P19492
      4 ZN,TRANSPORT PROTEIN,A0A0H2UN92
      1 ZN,TRANSPORT PROTEIN,A0A0H3JTS7
      2 ZN,TRANSPORT PROTEIN,A0A0H3K9U6
      1 ZN,TRANSPORT PROTEIN,A0A1L8F5J9
      2 ZN,TRANSPORT PROTEIN,A0A1S2VYK0
      4 ZN,TRANSPORT PROTEIN,A5UZ69
      4 ZN,TRANSPORT PROTEIN,D1C6A8
      4 ZN,TRANSPORT PROTEIN,E1VBK1
      4 ZN,TRANSPORT PROTEIN,O50260
      1 ZN,TRANSPORT PROTEIN,O75311
      1 ZN,TRANSPORT PROTEIN,P02754
      2 ZN,TRANSPORT PROTEIN,P31025
      9 ZN,TRANSPORT PROTEIN,P35747
      2 ZN,TRANSPORT PROTEIN,P40343
      1 ZN,TRANSPORT PROTEIN,P40482
      6 ZN,TRANSPORT PROTEIN,P42061
      1 ZN,TRANSPORT PROTEIN,P42262
      2 ZN,TRANSPORT PROTEIN,P49790
      4 ZN,TRANSPORT PROTEIN,P49791
      1 ZN,TRANSPORT PROTEIN,P64605
      2 ZN,TRANSPORT PROTEIN,P69380
      1 ZN,TRANSPORT PROTEIN,Q00194
      3 ZN,TRANSPORT PROTEIN,Q00960
      1 ZN,TRANSPORT PROTEIN,Q29147
      2 ZN,TRANSPORT PROTEIN,Q72IM4
      1 ZN,TRANSPORT PROTEIN,Q74FS9
      2 ZN,TRANSPORT PROTEIN,Q7Z3T8
      2 ZN,TRANSPORT PROTEIN,Q8KQR1
      3 ZN,TRANSPORT PROTEIN,Q8RE65
      1 ZN,TRANSPORT PROTEIN,Q8VLX7
      3 ZN,TRANSPORT PROTEIN,Q99257
      2 ZN,TRANSPORT PROTEIN,Q9EYX5
      5 ZN,TRANSPORT PROTEIN,Q9S3Q8
      2 ZN,TRANSPORT PROTEIN,Q9U556
      2 ZN,TRANSPORT,P44542
      2 ZN,Transcription Regulator,P38806
      1 ZN,Transcription regulation/ONCOPROTEIN,P17679
      1 ZN,Transcription regulator,P03047
      1 ZN,Transcription regulator,P41182
      1 ZN,Transcription regulator,Q9KIJ2
      1 ZN,Transcription/MEMBRANE PROTEIN,P9WJ67
      3 ZN,UNKNOWN FUNCTION,
      1 ZN,UNKNOWN FUNCTION,A0A0E3CPJ0
      1 ZN,UNKNOWN FUNCTION,A0A0H3K0M1
      1 ZN,UNKNOWN FUNCTION,A0A0H3MH91
      1 ZN,UNKNOWN FUNCTION,A0A1D1UN89
      1 ZN,UNKNOWN FUNCTION,A0A383R4X5
      1 ZN,UNKNOWN FUNCTION,A0A3F2YM24
      1 ZN,UNKNOWN FUNCTION,A0QTY3
      1 ZN,UNKNOWN FUNCTION,A0R095
      1 ZN,UNKNOWN FUNCTION,A5A677
      1 ZN,UNKNOWN FUNCTION,B2C3H7
      1 ZN,UNKNOWN FUNCTION,B2J0I0
      1 ZN,UNKNOWN FUNCTION,C8UME7
      1 ZN,UNKNOWN FUNCTION,D0VWZ9
      1 ZN,UNKNOWN FUNCTION,O25673
      1 ZN,UNKNOWN FUNCTION,P51531
      2 ZN,UNKNOWN FUNCTION,P63000
      1 ZN,UNKNOWN FUNCTION,P67273
      3 ZN,UNKNOWN FUNCTION,P76341
      1 ZN,UNKNOWN FUNCTION,P9WJA3
      1 ZN,UNKNOWN FUNCTION,P9WPJ7
      1 ZN,UNKNOWN FUNCTION,Q0RYE0
      1 ZN,UNKNOWN FUNCTION,Q53W91
      1 ZN,UNKNOWN FUNCTION,Q72Q78
      3 ZN,UNKNOWN FUNCTION,Q72TC3
      1 ZN,UNKNOWN FUNCTION,Q81XH9
      1 ZN,UNKNOWN FUNCTION,Q838R9
      1 ZN,UNKNOWN FUNCTION,Q88G17
      1 ZN,UNKNOWN FUNCTION,Q8U1S6
      1 ZN,UNKNOWN FUNCTION,Q97VZ8
      1 ZN,UNKNOWN FUNCTION,Q9A679
      2 ZN,UNKNOWN FUNCTION,Q9RY97
      1 ZN,UNKNOWN FUNCTION,Q9X1J4
      1 ZN,VIRAL PROTEIN,A0A1J0MGR2
      1 ZN,VIRAL PROTEIN,B7U676
      2 ZN,VIRAL PROTEIN,C6L435
      1 ZN,VIRAL PROTEIN,D3W0F1
      2 ZN,VIRAL PROTEIN,E6Y5B1
      1 ZN,VIRAL PROTEIN,G3G955
      3 ZN,VIRAL PROTEIN,J9XNG9
      1 ZN,VIRAL PROTEIN,K4KA16
      1 ZN,VIRAL PROTEIN,Mastermind-like protein 1"
      2 ZN,VIRAL PROTEIN,O73557
      1 ZN,VIRAL PROTEIN,P03070
      1 ZN,VIRAL PROTEIN,P03126
      1 ZN,VIRAL PROTEIN,P03390
      2 ZN,VIRAL PROTEIN,P03420
      1 ZN,VIRAL PROTEIN,P03527
      1 ZN,VIRAL PROTEIN,P04585
      1 ZN,VIRAL PROTEIN,P04637
      2 ZN,VIRAL PROTEIN,P05961
      1 ZN,VIRAL PROTEIN,P07567
      1 ZN,VIRAL PROTEIN,P10215
      1 ZN,VIRAL PROTEIN,P10238
      2 ZN,VIRAL PROTEIN,P11284
      2 ZN,VIRAL PROTEIN,P18042
      1 ZN,VIRAL PROTEIN,P18140
      2 ZN,VIRAL PROTEIN,P26313
      2 ZN,VIRAL PROTEIN,P28990
      1 ZN,VIRAL PROTEIN,P32540
      2 ZN,VIRAL PROTEIN,Q32ZE1
      3 ZN,VIRAL PROTEIN,Q5EGK8
      1 ZN,VIRAL PROTEIN,Q5I3C1
      1 ZN,VIRAL PROTEIN,Q64823
      1 ZN,VIRAL PROTEIN,Q6XNL3
      2 ZN,VIRAL PROTEIN,Q6ZYF6
      1 ZN,VIRAL PROTEIN,Q6ZYH1
      2 ZN,VIRAL PROTEIN,Q70UR3
      2 ZN,VIRAL PROTEIN,Q79791
      1 ZN,VIRAL PROTEIN,Q89444
      2 ZN,VIRAL PROTEIN,Q96662
      3 ZN,VIRAL PROTEIN,Q992I2
      2 ZN,VIRAL PROTEIN,Q9YJC1
      1 ZN,VIRAL PROTEIN,protein E6 chimera"
      1 ZN,VIRAL PROTEIN/HYDROLASE, 3.4.17.-"
      1 ZN,VIRUS LIKE PARTICLE,Q7K1U0
      1 ZN,VIRUS LIKE PARTICLE,Q80RD6
      1 ZN,Viral Protein/VPX-BINDING PROTEIN,Q7ZB17
      1 ZN,ZINC FINGER DNA BINDING DOMAIN,P08045
      1 ZN,ZINC FINGER DNA BINDING DOMAIN,P08048
      1 ZN,ZINC FINGER DNA BINDING DOMAIN,P08153
      1 ZN,ZINC-BINDING PROTEIN,A0A0H2ZP82
      2 ZN,ZINC-BINDING PROTEIN,P90495
      1 ZN,ZINC-BINDING PROTEIN,Q92021
      1 ZN,ZN BINDING PROTEIN,P75797
      1 ZN,acyl-CoA binding protein,Q97WQ4
      1 ZN,hormone/growth factor/receptor,O08543
      2 ZN,hydrolase/hydrolase inhibitor,Q93009
      5 ZN,iron binding protein,A1JLH5
      2 ZN,signaling protein/inhibitor,Q07820
      1 ZN,viral protein/immune system,E1ANT9
      1 resName1,PDB Classification,Uniprot Acc
